source,perspective,original_language,raw_title,title,full_text,published_date,link,fetch_timestamp
Reddit: r/worldnews,Global (Mainstream),en,"Report: Pentagon considers sending 10,000 additional troops to Middle East","Report: Pentagon considers sending 10,000 additional troops to Middle East","Report: Pentagon considers sending 10,000 additional troops to Middle East Barron is young and healthy.  He should really set the example for the youth by being the first to deploy to Iran. | 3000 here, 8000 there, 10000 the next day, it's all just leading to the same thing.  We are invading Iran. | This has got to be the most avoidable war ever | Well, I was  informed that we had hit them with untold might and force the likes of which had never been seen before. 

So I guess we're sending these 10,000 for support and to help clean up. 

This a",2026-03-27 00:42:04,https://www.reddit.com/r/worldnews/comments/1s4pbdv/report_pentagon_considers_sending_10000/,2026-03-27 07:10:41
Reddit: r/worldnews,Global (Mainstream),en,AP is calling Israel's attack on Lebanon an invasion,AP is calling Israel's attack on Lebanon an invasion,"AP is calling Israel's attack on Lebanon an invasion Smoke rises from Israeli artillery shelling on the village of Bayada as it is seen from Tyre city, south Lebanon, Thursday, March 26, 2026. (AP Photo/Hussein Malla) Israeli soldiers atop an APC in northern Israel near the border with Lebanon, Saturday, March 21, 2026. (AP Photo/Ariel Schalit) The Associated Press is now calling Israel’smilitary actions in southern Lebanonan invasion. Israel has moved thousands of troops across the border into Lebanon, and Israeli forces and Iran-backed Hezbollah militants have been fighting on the ground for at least three weeks. Israeli officials, including the defense minister, said they want to take control of the entire area south of the Litani River -- some 20 miles (about 30 kilometers) north of the border – and that displaced Lebanese residents will not be allowed back until Israel decides that its northern border is safe. Israel occupied much of that area from 1982 to 2000 after it invaded southern Lebanon during the country’s civil war. The ar The AP is correct. | Who *isn't* calling it an invasion? | “Invasion” is actually a fairly neutral word. Invasions can be either justified or unjustified | >Israeli officials, including the defense minister, said they want to take control of the entire area south of the Litani River -- some 20 miles (about 30 kilometers) north of the border – and that di | It is what it is.",2026-03-27 00:38:33,https://www.reddit.com/r/worldnews/comments/1s4p8hp/ap_is_calling_israels_attack_on_lebanon_an/,2026-03-27 07:10:43
Reddit: r/worldnews,Global (Mainstream),en,Iran starts to formalize its chokehold on the Strait of Hormuz with a 'toll booth' regime,Iran starts to formalize its chokehold on the Strait of Hormuz with a 'toll booth' regime,"Iran starts to formalize its chokehold on the Strait of Hormuz with a 'toll booth' regime The Fars and Tasnim news agencies, both close to Iran’s paramilitary Revolutionary Guard, quoted lawmaker Mohammadreza Rezaei Kouchi as saying that parliament was working to formalize that process and that it was “natural” for ships to pay for it. Lloyd’s List Intelligence called it a “de facto ‘toll booth’ regime,” saying that at least two vessels have paid in yuan, China’s currency. Cargo ships sail in the Arabian Gulf towards Strait of Hormuz in United Arab Emirates, Thursday, March 19, 2026. (AP Photo) FRANKFURT, Germany (AP) — Iran appears to be setting itself up as the gatekeeper for the Strait of Hormuz, the world’s most important artery for oil shipments. The move could cement Tehran’s de facto chokehold over the crucial waterway and formalize its ability to keep its own oil flowing to China. Iranian communications to the United Nations maritime authority and the experience of ships transiting the strait suggest the creation of something akin to a “toll booth.” Ships must enter How weird. We didn't have this problem one month ago. | That kind of prevents the Americans from just leaving - they are going to have to fight it out. | Any bets on when the UAE decide that their half of the shores means they get to charge tolls too? | So trump firstly unilaterally exited a non-nuclear agreement signed between UK, Europe, China, Japan, US and Iran, that was working and allied inspectors in etc.  

Now he has managed to get the previ | They were way more effective at dominating the strait than most people expected. People were expecting mutual destruction but right now they effectively control 20% of the world's oil trade. That's wo",2026-03-26 22:39:20,https://www.reddit.com/r/worldnews/comments/1s4mbaw/iran_starts_to_formalize_its_chokehold_on_the/,2026-03-27 07:10:46
Reddit: r/worldnews,Global (Mainstream),en,Iran allows Spanish ships to use the Strait of Hormuz for free,Iran allows Spanish ships to use the Strait of Hormuz for free,"Iran allows Spanish ships to use the Strait of Hormuz for free The anti-war message from Spain on Iran missiles fired at Israel. Iran is allowing Spanish-flagged vessels through the vital Strait of Hormuz in the Gulf for free and with few problems as a ""thank you"" to the Spanish Prime Minister, Pedro Sanchez, who has been critical of both the United States and Israel over the war. ""Iran allows the Kingdom of Spain to use theStrait of Hormuz with complete freedom without restrictions or barriers that impede the maritime navigation of Spanish ships and tankers,"" said an Iranian source quoted online. Iran has effectively closed the vital Strait to shipping from the United States, Israel and another nations who are seen supporting the attacks on Iran. Further reports online have suggested that Iran placed an anti-war message from Sanchez on missiles which were being fired at Israel. The message from Sanchez states: ""ofcourse this war is not only illegal it is inhumane."" It ends with a thank you from Iran. ""This is ​how humanity's great disasters start I call it. Trump is going to get mad at Mexico for this. 

Yes Mexico, not Spain or Iran. | Spain has no ships that pass through there | La niña, la pinta and la santa maria are about to sail again! | Hola my fellow ships 🚢 🇪🇸 | Might have to do with PM Pedro Sanchez calling out the US on this war.",2026-03-26 13:18:46,https://www.reddit.com/r/worldnews/comments/1s478vp/iran_allows_spanish_ships_to_use_the_strait_of/,2026-03-27 07:10:49
Reddit: r/worldnews,Global (Mainstream),en,"IRGC lowers recruitment age down to 12 years old, inviting civilians to join the war effort","IRGC lowers recruitment age down to 12 years old, inviting civilians to join the war effort","IRGC lowers recruitment age down to 12 years old, inviting civilians to join the war effort An official from Iran’s Revolutionary Guards said the minimum age for participation in war-related support roles has been lowered to 12, according to remarks aired on state media. Seeing in the Iran-Iraq war Basij  used kids as young as 6 to clear minefoelds I ain't suprised. | Seems like the IRGC took an extreme, reversed version of the US army raising the enlistment age. | Hmm, lowering the recruitment age to 12 makes me think that things might be a bit more precarious for the current regime than most of Reddit would lead me to believe. | > ""patrols, checkpoints""


 looks more like they are using them to subjugate their own population, than for war effort. In every totalitarian regime this is more important, and 12 year old kids are ea",2026-03-26 16:51:40,https://www.reddit.com/r/worldnews/comments/1s4cyd4/irgc_lowers_recruitment_age_down_to_12_years_old/,2026-03-27 07:10:53
Reddit: r/worldnews,Global (Mainstream),en,Putin asks oligarchs to donate to Russia’s dwindling defence budget,Putin asks oligarchs to donate to Russia’s dwindling defence budget,"Putin asks oligarchs to donate to Russia’s dwindling defence budget Russian president expected to continue invasion of Ukraine until his forces have secured remaining areas of eastern Donbas Vladimir Putin has asked Russia’s oligarchs to donate to the country’s dwindling defence budget to continue its invasion of Ukraine, it has been reported. The Russian president is expected to continue the conflict, which began in February 2022, until Moscow has secured the remaining areas of Ukraine’s eastern Donbas region not under its control, according to the Financial Times. At least two businessmen have told Putin they would be willing to make contributions to the defence budget after talks on Thursday, the newspaper reported.Putin is understood to be pressing ahead with the invasion after Ukraine refused to withdraw unilaterally from Donbas during recent negotiations brokered by the US. Russia will be in contact with the US about a new round of talks on a peace settlement as soon as conditions allow, Kremlin spokesperson Dmitry Peskov said.Peskov saidRussiaha I'm sure he has started the campaign off by making the first donation. | That may just be the weakest thing I have ever seen that Putin has done. 

When have you ever seen a dictator ask for anything like this? 

If hes really down to asking for money to continue a war he  | Pay up or get an upgrade to Windows '26. | “Ask” is doing some heavy lifting here. Either they do what he wants or off to prison or a balcony. Or both.",2026-03-27 02:03:06,https://www.reddit.com/r/worldnews/comments/1s4r5nt/putin_asks_oligarchs_to_donate_to_russias/,2026-03-27 07:10:55
Reddit: r/worldnews,Global (Mainstream),en,Trump mocks British aircraft carriers in latest remarks,Trump mocks British aircraft carriers in latest remarks,"Trump mocks British aircraft carriers in latest remarks Trump said:“The British said ‘we’ll send our aircraft carriers’, which aren’t the best aircraft carriers by the way.” He added:“They are toys compared to what we have.” The US president also suggested he had dismissed the offer, saying:“I said ‘that’s wonderful, thank you very much’, [but] don’t bother.” In separate remarks, Trump said of allied support:“We don’t need them.” Downing Street has rejected claims that the UK offered to deploy aircraft carriers to the region. The comments follow previous criticism of allied contributions, including earlier remarks this year regarding the role of UK forces in Afghanistan, where 457 British personnel were killed. The language itself is notable, obviously, as it is unusual to hear a sitting US president describe the military assets of a close ally as “toys”, particularly in public remarks where tone is normally more measured, but here we are. The carriers The Queen Elizabeth class aircraft carriers are the largest warships ever constructed for > Trump said: “The British said ‘we’ll send our aircraft carriers’, which aren’t the best aircraft carriers by the way.”

Kinda ironic coming from the man who said he was disappointed in us for not he | Proper 'I didn't want to sleep with her anyway because she is ugly and a slag' vibes from Donald 'fat wotsit cunt' Trump. | OK Donnie.

Can you stop begging NATO to join your illegal war now? | When was the last time he said something sensible **😅** | This idiot slags the UK off every single day now. It's a shame we're so deeply entwined with the US in so many ways, because I'd very much like them to fuck off and never have to hear their petty whin",2026-03-26 16:04:55,https://www.reddit.com/r/worldnews/comments/1s4bogm/trump_mocks_british_aircraft_carriers_in_latest/,2026-03-27 07:10:57
Reddit: r/worldnews,Global (Mainstream),en,"Chief of Staff Zamir warns IDF will collapse due to lack of manpower, raises 'ten red flags'","Chief of Staff Zamir warns IDF will collapse due to lack of manpower, raises 'ten red flags'","Chief of Staff Zamir warns IDF will collapse due to lack of manpower, raises 'ten red flags' There are a large number of religious conservatives who are not required to perform compulsory military duty.  

Draft them. | I remember reading this about Russia within two weeks of the invasion like six years ago. Doesn't mean shit | Maybe they should recall Bibi's son from America | >Before Operation Roaring Lion, the government was rapidly advancing controversial legislation that was said to enforce haredi conscription.

>...

>Netanyahu announced at the beginning of Operation R | What does ten red flags mean?",2026-03-26 20:38:41,https://www.reddit.com/r/worldnews/comments/1s4j66k/chief_of_staff_zamir_warns_idf_will_collapse_due/,2026-03-27 07:10:59
Reddit: r/worldnews,Global (Mainstream),en,"Cuban Patients Are Dying Because of U.S. Blockade, Doctors Say","Cuban Patients Are Dying Because of U.S. Blockade, Doctors Say","Cuban Patients Are Dying Because of U.S. Blockade, Doctors Say LoL..

We don't even care about US patients dying. | Music to Stephen Millers’ giant dumbo ears. | ""It became necessary to destroy the town in order to save it"" | This regime just loves FKing kids ( in more ways than one) | Didn't Kneecap just play a concert there? Surely if power was at such a premium, wasting it on a concert should have been discouraged?",2026-03-27 04:22:41,https://www.reddit.com/r/worldnews/comments/1s4u582/cuban_patients_are_dying_because_of_us_blockade/,2026-03-27 07:10:59
Reddit: r/worldnews,Global (Mainstream),en,"France confirms oil crisis, says 30-40% Gulf energy infrastructure destroyed","France confirms oil crisis, says 30-40% Gulf energy infrastructure destroyed","France confirms oil crisis, says 30-40% Gulf energy infrastructure destroyed lol. Who had Trump to ween world off fossil fuels for their 2026 bingo? Didn't realize he was green party . | I feel like I’m going insane watching the markets bounce back every time Trump makes an optimistic post on social media. Even if this war ended tomorrow (and it won’t) how do people who invest in this | This is not over yet is even bigger problem. | Trump best climate leader in the world ♥️. | People ask me why I care about US politics so much. Because of fucking things like this.",2026-03-26 09:13:59,https://www.reddit.com/r/worldnews/comments/1s42gnp/france_confirms_oil_crisis_says_3040_gulf_energy/,2026-03-27 07:11:03
Reddit: r/geopolitics,Global (Analytical),en,"Exclusive: China's top chipmaker has supplied chipmaking tech to Iran military, US officials say","Exclusive: China's top chipmaker has supplied chipmaking tech to Iran military, US officials say","Exclusive: China's top chipmaker has supplied chipmaking tech to Iran military, US officials say Well the US could sanction them -- oh wait SMIC is [already sanctioned](https://www.opensanctions.org/entities/NK-hxwjNYLUZkRwfW5TBPnCuz/) to hell and back, funny that. | Shocking. Chinese state owned company sent chips to ally of Chinese government. 

😱 | Submission Statement:  SMIC, China's largest chipmaker, has sent chipmaking tools to Iran's military, two senior Trump ‌administration officials said on Thursday, raising questions about Beijing's sta | The proselytising by some people out here on this sub-reddit, makes this place look like world news. | China is the most reliable supporter of authoritarian regimes, building a future of hierarchy, censorship and exploitation for humanity.",2026-03-27 03:36:38,https://www.reddit.com/r/geopolitics/comments/1s4t7fq/exclusive_chinas_top_chipmaker_has_supplied/,2026-03-27 07:11:04
Reddit: r/geopolitics,Global (Analytical),en,Iran's gift was 10 ships through Hormuz,Iran's gift was 10 ships through Hormuz,"Iran's gift was 10 ships through Hormuz If true, his proud glee at this “gift” looks even more weak and desperate | And there it is. Every boast is really a sad cover for weakness and fragility. The trump doctrine in a nutshell. We are led by idiots. | Pakistan flagged boats. Trump thinks.

----- 

That shows definitive control of Iran. They dictate which ships can pass. Which is already known but now also confirmed by the US president himself. Not  | *Allowing* to pass ships that would never have any issues before Trump started this *excursion* seems like a weird *gift* even for Trump’s standards. | Trump is an absolute moron",2026-03-26 17:37:03,https://www.reddit.com/r/geopolitics/comments/1s4e878/irans_gift_was_10_ships_through_hormuz/,2026-03-27 07:11:05
Reddit: r/geopolitics,Global (Analytical),en,Evidence Points to US Scattering Mines over Iranian Village,Evidence Points to US Scattering Mines over Iranian Village,"Evidence Points to US Scattering Mines over Iranian Village Per the article, the US dropped *anti-tank* mines. So, not a threat to people unless you’re near it when it’s set off by.. a tank.

Surprised they’re doing it though. Not like there’s a land battle go | It makes a huge difference if it's anti-tank or personal mines that are scattered around villages.

Why is Bellingcat omitting this in the title? Not the first time I see them getting a bit too clickb | It’s insane seeing people here thinking the type of mine makes it suddenly “legal.”

Any landline, whether it’s anti personal or anti tank is liable to detonating. It’s an explosive at the end of the ",2026-03-26 21:57:18,https://www.reddit.com/r/geopolitics/comments/1s4l88n/evidence_points_to_us_scattering_mines_over/,2026-03-27 07:11:06
Reddit: r/geopolitics,Global (Analytical),en,Iran Earning $139 Million a Day From Oil as Hormuz Crisis Locks Out Rivals,Iran Earning $139 Million a Day From Oil as Hormuz Crisis Locks Out Rivals,"Iran Earning $139 Million a Day From Oil as Hormuz Crisis Locks Out Rivals Click Here for 150+ Global Oil Prices Click Here for 150+ Global Oil Prices Click Here for 150+ Global Oil Prices Click Here for 150+ Global Oil Prices Click Here for 150+ Global Oil Prices Click Here for 150+ Global Oil Prices Click Here for 150+ Global Oil Prices Click Here for 150+ Global Oil Prices Oil Markets Price In Peace, but the Upside Risk Remains Find us on: Oil prices swung sharply as… Oil is heading for a… Charles Kennedy Charles is a writer for Oilprice.com More Info Iran’s oil exports have not collapsed and are fetching much higher prices than before the war, handing Tehran handsome extra revenues from its crude, which is the only one unimpeded from transiting the Strait of Hormuz. Unlike all other Gulf producers, Iran is passing its oil through the Strait of Hormuz and its export volumes remain resilient. Steady volumes and higher prices have been bringing millions of dollars of additional oil revenues for the Islamic Republic since the war began, as oil prices jumped a That doesn't sound like a lot no? | Surely the greatest navy the world has ever seen could blockade or commandeer this? At this point you're committed right?",2026-03-27 00:42:23,https://www.reddit.com/r/geopolitics/comments/1s4pbnq/iran_earning_139_million_a_day_from_oil_as_hormuz/,2026-03-27 07:11:06
Reddit: r/geopolitics,Global (Analytical),en,"France confirms oil crisis, says 30-40% Gulf energy infrastructure destroyed","France confirms oil crisis, says 30-40% Gulf energy infrastructure destroyed","France confirms oil crisis, says 30-40% Gulf energy infrastructure destroyed This combined with the Russian oil infrastructure too wow | I’m less worried about economics and more about the geopolitical consequences.

To me this feels less like an oil crisis and more like Vietnam War (or even pre WW1) dynamics. more actors getting pulle | I wonder what Donald will do. I am worried that he'll actually deploy soldiers, have causalities go into hundreds (because Iran is as antagonized as it gets)... and then what? He seems to not be plann | How bad is the damage to oil facilities in the Middle East? 

Most reports seem to make it sound like it was isolated or minor damage to many facilities? | All the MAGA gung-ho voices asking for Trump to 'finish the job'. We are this close to Iran finishing off Middle Eastern oil and gas exports and pushing the entire world(including America) into a mult",2026-03-26 09:11:24,https://www.reddit.com/r/geopolitics/comments/1s42f5a/france_confirms_oil_crisis_says_3040_gulf_energy/,2026-03-27 07:11:07
Reddit: r/geopolitics,Global (Analytical),en,"Children as young as 12 can join war support, IRGC says","Children as young as 12 can join war support, IRGC says","Children as young as 12 can join war support, IRGC says An official from Iran’s Revolutionary Guards said the minimum age for participation in war-related support roles has been lowered to 12, according to remarks aired on state media. Nothing new here sadly they did the same during the Iran Iraq war | Sounds like the Iran-Iraq War, again. | Rahim Nadali, a cultural official with the Guards in Tehran, said an initiative called “For Iran” was recruiting participants to assist with activities such as patrols, checkpoints and logistics. “Giv | Iran has a long and storied history of using child soldiers:

[https://borgenproject.org/child-soldiers-in-iran/#:\~:text=Connection%20to%20Poverty,faced%20by%20many%20Iranian%20families](https://borg | So when these children die. A whole bunch of people are going jump up and down claiming war crimes.",2026-03-26 16:53:35,https://www.reddit.com/r/geopolitics/comments/1s4d070/children_as_young_as_12_can_join_war_support_irgc/,2026-03-27 07:11:08
Reddit: r/geopolitics,Global (Analytical),en,Trump has permanently damaged the world - how the Iran war will be felt for years,Trump has permanently damaged the world - how the Iran war will be felt for years,"Trump has permanently damaged the world - how the Iran war will be felt for years The damage wreaked byDonald Trump’swar on Iran may now be so extensive and wide-reaching that its repercussions will be felt globally in the months and years, analysts have said. The US President appears to bescrambling for an off-rampto end the war he andIsraellaunched nearly a month ago, claiming that members of his administration are now negotiating a ceasefire with Iran after “productive conversations”. Irandenounced the talks as “fake news”and accused Trump of negotiating with himself. It is believed, however, that some form of indirect talks are taking place, with reports suggesting they are being mediated by Pakistan. Regardless of whether the US and Iran can come to an agreement to cease hostilities, however, the damage to Iran, the wider region and the world may already be so great that the consequences of Trump’s war will continue into the months and years ahead. Iran’sscorched-earth campaign targeting energycould have damaging long-term consequences for the entire world, inc I was on board with the idea of allies contributing their fair share in terms of defence spending and becoming self reliant for their own defence. That would have made for a much stronger alliance and | Didn’t Pentagon just divert $750 million of funding by EU for interceptors bound for Ukraine to replenish its own inventory?

I wonder if other non-Ukrainian military sales to European and other allie | In other words Trump kicked a hornets nest and didn't think about fumigating it first. | Read the full article for free here: [https://inews.co.uk/news/world/trump-permanently-damaged-world-how-iran-war-felt-years-4316044](https://inews.co.uk/news/world/trump-permanently-damaged-world-how | Trump insists he is winning. And he changes narratives everytime. This shows how disgusting an animal like Trump is.",2026-03-26 14:52:17,https://www.reddit.com/r/geopolitics/comments/1s49n7m/trump_has_permanently_damaged_the_world_how_the/,2026-03-27 07:11:09
Reddit: r/geopolitics,Global (Analytical),en,"Pentagon prepares for massive ""final blow"" of Iran war","Pentagon prepares for massive ""final blow"" of Iran war","Pentagon prepares for massive ""final blow"" of Iran war Bombing commences at close of markets Friday. | Hegseth about to name it *Operation Rolling Thunder* | Looking forward to Operation_Epic_Fury_FINAL_v2.pptx | Man is this Return of the King? Because this shit has apparently ended 6 times already | Here we are at day seven of the end of the war...again...",2026-03-26 15:20:36,https://www.reddit.com/r/geopolitics/comments/1s4afse/pentagon_prepares_for_massive_final_blow_of_iran/,2026-03-27 07:11:10
Reddit: r/geopolitics,Global (Analytical),en,The energy crisis has only just begun | An air bubble of about half a billion barrels of oil is set to wreak havoc on global economies,The energy crisis has only just begun | An air bubble of about half a billion barrels of oil is set to wreak havoc on global economies,"The energy crisis has only just begun | An air bubble of about half a billion barrels of oil is set to wreak havoc on global economies For every day the war in the Middle East drags on, the crisis in energy markets deepens. The price of everything from gas and oil to jet fuel and plastics is rising sharply. That crisis is set to get dramatically worse over the next week or two. Energy shipments stopped in their tracks on February 28 when the war began and Iran effectively closed the Strait of Hormuz. But plenty of ships made it out to sea in those final days before the conflict began. The last of them should arrive in Japanese and Korean ports sometime over the next 8-10 days. After that, there's nothing coming. ""You have this massive air pocket. At this stage, we're looking at probably somewhere around a half a billion barrels of what would normally be flowing out of Hormuz that has now not been flowing,"" said Rory Johnston, founder of Commodity Context. In the oil industry there's a difference between what people call paper oil and physical oil. Right now there's a shortage in paper oil, which are contracts. It repr Submission statement:

>Energy shipments stopped in their tracks on February 28 when the war began and Iran effectively closed the Strait of Hormuz. But plenty of ships made it out to sea in those fin | Maybe this will show how dependent humanity actually is. | I’m very glad that China have absolutely barrelled ahead with solar panel development and refinement.

Had it been left to the rest of the world we’d still be using 12% energy capture.

China will als | An interesting analogy. You know what happens when an air bubble is injected into someone’s arteries…. | I remember this year TSMC plans to build a[ new factory](https://asia.nikkei.com/business/tech/semiconductors/tsmc-to-make-advanced-chips-for-ai-at-2nd-japan-plant) in Japan, and [3 more](https://focu",2026-03-26 13:58:46,https://www.reddit.com/r/geopolitics/comments/1s48882/the_energy_crisis_has_only_just_begun_an_air/,2026-03-27 07:11:10
Reddit: r/geopolitics,Global (Analytical),en,Germany's defence minister claims Trump has 'no exit strategy' in Iran,Germany's defence minister claims Trump has 'no exit strategy' in Iran,"Germany's defence minister claims Trump has 'no exit strategy' in Iran Topic:Unrest, Conflict and War Germany's defence minister has accused the Trump administration of sending contradictory messages to its European allies. Boris Pistorius told the National Press Club in Canberra the US had ""no exit strategy"" in Iran. He said Germany would only provide support to ships in the Strait of Hormuz once a ceasefire deal was struck. Germany's defence minister has criticised the Trump administration over the Iran war, saying it has ""no exit strategy"" and accusing it of sending contradictory demands to European allies. Boris Pistorius also told the National Press Club in Canberra his nation would not get ""sucked"" into the conflict, vowing that Germany would only help to secure the Strait of Hormuz after the United States and Iran had struck a ceasefire. US President Donald Trump has declared that Iranians are trying to sue for peace despite the regime's public denials. However, Mr Pistorius made it clear he was worried about the war's trajectory. Mr Trump has prev Yup, that's true. | (Submission Statement)

---

Germany's defence minister has accused the Trump administration of sending contradictory messages to its European allies.

Boris Pistorius told the National Press Club in ",2026-03-27 06:31:58,https://www.reddit.com/r/geopolitics/comments/1s4wha2/germanys_defence_minister_claims_trump_has_no/,2026-03-27 07:11:11
Reddit: r/geopolitics,Global (Analytical),en,"27 days of the Iran-Israel war mapped — what the strike pattern 
actually tells us about where this is heading","27 days of the Iran-Israel war mapped — what the strike pattern 
actually tells us about where this is heading","27 days of the Iran-Israel war mapped — what the strike pattern 
actually tells us about where this is heading How representative do you think the captured kinetic events you’re working from are of everything going on? (Like 200 out of an estimated?)  I’m asking this as a biologist used to representative stati | I've been tracking every verified kinetic event since Day 1 of Operation Epic Fury. After 27 days and 200+ logged events across the theater, the data suggests a few things that aren't getting enough a | You realise this is so full of AI slop it’s utterly useless?

Your latest dispatch today depicts a full scale internal civil war and hallucinates false military operations which have zero truth to the | I read that [France's Finance Minister Roland Lescure revealed on Wednesday that between 30 and 40 per cent of Gulf refining capacity has been damaged or destroyed by Iran's retaliatory strikes, leavi | Alternative idea, the US hoped for regime change, but worse case they pummeled the nuclear and ballistic missile facilities yet, this is a massive training exercise for confronting China, but likely 2",2026-03-26 17:31:38,https://www.reddit.com/r/geopolitics/comments/1s4e2s8/27_days_of_the_iranisrael_war_mapped_what_the/,2026-03-27 07:11:12
Reddit: r/GlobalNews,Global (Crowd),en,Iran trolls trump again with another lego video,Iran trolls trump again with another lego video,"Iran trolls trump again with another lego video Whatever you think about Iran, their troll game is on point | Love they added the hand bruises 😂 | I know this is just more outrageous AI-meme propaganda, but man, those ""In memory of the girls of Minab school"" and ""In memory of the victims of Epstein Island""... damn... | The bruised hand 😂 | As much as I disagree with the circumstances of the war I was fairly certain Iran was losing. This doesn’t look like the work of a country on the brink",2026-03-27 01:37:23,https://www.reddit.com/r/GlobalNews/comments/1s4qkut/iran_trolls_trump_again_with_another_lego_video/,2026-03-27 07:11:13
Reddit: r/GlobalNews,Global (Crowd),en,"Gang-rape victim, 25, to be euthanised after father's legal challenge fails","Gang-rape victim, 25, to be euthanised after father's legal challenge fails","Gang-rape victim, 25, to be euthanised after father's legal challenge fails Noelia Castillo Ramos was raped on two occasions, once by her ex-boyfriend and the other by three boys in 2022. She then tried to end her life. Thursday 26 March 2026 21:08, UK A paraplegic gang-rape victim has died by euthanasia after her father's failed legal challenge. Warning: This article contains distressing content. Noelia Castillo Ramos, 25, said she was raped on two occasions, once by her ex-boyfriend and the second time by three boys in 2022, describing this as a turning point in her life. She jumped from the fifth-floor window of an apartment building in a cocaine-fuelled attempt to end her own life in October 2022 after previously overdosing on medication, according to legal rulings. The fall left her paralysed from the waist down, and she was suffering severe, chronic and incapacitating pain with no possibility of improvement, her medical reports show. Noelia, from Barcelona,Spain, died by euthanasia on Thursday evening, the hospital confirmed. It followed a long legal bat May her suffering come to a peaceful end | Poor woman. She had to live through such horrific situation. | And then they wonder why rape victims say that rape is worse than murder. | I hope she’s at peace now. She was denied bodily autonomy in life up until the very end. | What a terrible series of events.",2026-03-26 18:00:15,https://www.reddit.com/r/GlobalNews/comments/1s4evun/gangrape_victim_25_to_be_euthanised_after_fathers/,2026-03-27 07:11:14
Reddit: r/GlobalNews,Global (Crowd),en,Iran trolls trump again with another lego video,Iran trolls trump again with another lego video,"Iran trolls trump again with another lego video I liked this one too! | An invisioning based on existing capabilities.. Wonder how long this has been ready for streaming circulation. | Llpof 🤣 Brilliant | Didn't know iran allowed Lego in their country 🤔 | What are you, Iran’s information arm?",2026-03-27 02:25:25,https://www.reddit.com/r/GlobalNews/comments/1s4rnts/iran_trolls_trump_again_with_another_lego_video/,2026-03-27 07:11:15
Reddit: r/GlobalNews,Global (Crowd),en,Trump has permanently damaged the world - how the Iran war will be felt for years,Trump has permanently damaged the world - how the Iran war will be felt for years,"Trump has permanently damaged the world - how the Iran war will be felt for years The damage wreaked byDonald Trump’swar on Iran may now be so extensive and wide-reaching that its repercussions will be felt globally in the months and years, analysts have said. The US President appears to bescrambling for an off-rampto end the war he andIsraellaunched nearly a month ago, claiming that members of his administration are now negotiating a ceasefire with Iran after “productive conversations”. Irandenounced the talks as “fake news”and accused Trump of negotiating with himself. It is believed, however, that some form of indirect talks are taking place, with reports suggesting they are being mediated by Pakistan. Regardless of whether the US and Iran can come to an agreement to cease hostilities, however, the damage to Iran, the wider region and the world may already be so great that the consequences of Trump’s war will continue into the months and years ahead. Iran’sscorched-earth campaign targeting energycould have damaging long-term consequences for the entire world, inc And everyone allowed it! Where are the world leaders who will collaboratively stand up to this piece of human waste! We are all paying enormous fuel increase costs because of him! | Read the full article for free here: [https://inews.co.uk/news/world/trump-permanently-damaged-world-how-iran-war-felt-years-4316044](https://inews.co.uk/news/world/trump-permanently-damaged-world-how | They want to make Iran a rump state | Everyone he meets. Everyone he knows. Everything he does. Everything he touches.

It turns to shit. 

He’s Shit Midas. That’s his legacy. | well maybe the world, all the world, should just go green now",2026-03-26 14:52:39,https://www.reddit.com/r/GlobalNews/comments/1s49nkf/trump_has_permanently_damaged_the_world_how_the/,2026-03-27 07:11:15
Reddit: r/GlobalNews,Global (Crowd),en,Iran starts to formalize its chokehold on the Strait of Hormuz with a 'toll booth' regime,Iran starts to formalize its chokehold on the Strait of Hormuz with a 'toll booth' regime,"Iran starts to formalize its chokehold on the Strait of Hormuz with a 'toll booth' regime The Fars and Tasnim news agencies, both close to Iran’s paramilitary Revolutionary Guard, quoted lawmaker Mohammadreza Rezaei Kouchi as saying that parliament was working to formalize that process and that it was “natural” for ships to pay for it. Lloyd’s List Intelligence called it a “de facto ‘toll booth’ regime,” saying that at least two vessels have paid in yuan, China’s currency. Cargo ships sail in the Arabian Gulf towards Strait of Hormuz in United Arab Emirates, Thursday, March 19, 2026. (AP Photo) FRANKFURT, Germany (AP) — Iran appears to be setting itself up as the gatekeeper for the Strait of Hormuz, the world’s most important artery for oil shipments. The move could cement Tehran’s de facto chokehold over the crucial waterway and formalize its ability to keep its own oil flowing to China. Iranian communications to the United Nations maritime authority and the experience of ships transiting the strait suggest the creation of something akin to a “toll booth.” Ships must enter Interesting, just a few weeks ago ships could pass through without an issue.

Iran is full of problems, but Trump needs to be brought to justice and old school justice is the only fitting justice for  | They making money??

Trumps going to be mad he didnt think of this.. | Trump did this !!!!

stable fucking genius that he is",2026-03-26 22:52:58,https://www.reddit.com/r/GlobalNews/comments/1s4mnni/iran_starts_to_formalize_its_chokehold_on_the/,2026-03-27 07:11:16
Reddit: r/GlobalNews,Global (Crowd),en,US warns UK it'd be 'very big mistake' to cancel King's visit to Donald Trump,US warns UK it'd be 'very big mistake' to cancel King's visit to Donald Trump,"US warns UK it'd be 'very big mistake' to cancel King's visit to Donald Trump Cancellingthe King'sproposed state visit to theUnited Stateswould be a ""very big mistake"", according to Washington's ambassador to the UK. Calls have emerged to scrap or postpone the historic royal trip amid the ongoing conflict in the Middle East. However, Warren Stephens argued it would be wrong to abandon the visit, which has yet to be officially announced. During a question-and-answer session following his address to the British Chambers of Commerce conference in London on Thursday, Mr Stephens stated: ""I think that would be a very big mistake."" Get MEN Premium now for just £1HERE– or get involved in our WhatsApp group by clickingHERE. And don't miss out on our brilliant selection of newslettersHERE. While unable to formally confirm the visit, he added: ""I think he will go and I think it will be a very meaningful trip for him."" The diplomat revealed that US House Speaker Mike Johnson had extended an offer for Charles to address both Houses of Congress during his stay. US President  US can f**ck right off! | Trump can go fuck himself | What are they going to do? Impose tariffs and threaten their allies with an invasion.

Fuck this orange pedo. Hurry up congestive heart failure. | Why would the King come to visit a known Pedo rapest mob boss of the largest crime family that just smells bad | That’s precisely how the King’s brother lost his title - by hanging out with Trump’s friends.",2026-03-26 16:36:34,https://www.reddit.com/r/GlobalNews/comments/1s4cje8/us_warns_uk_itd_be_very_big_mistake_to_cancel/,2026-03-27 07:11:17
Reddit: r/GlobalNews,Global (Crowd),en,WATCH: Trump says 'we're going to remember' if NATO allies don't help in Iran war,WATCH: Trump says 'we're going to remember' if NATO allies don't help in Iran war,"WATCH: Trump says 'we're going to remember' if NATO allies don't help in Iran war Canadians will remember all the insults. We will NEVER forget | The whole world is going to remember how this administration/the U.S. treated the rest of the world | Don't worry, Trump. We will never forget either. We will never trust USA again. | Fuuuuuuuck offffff trump | We also remember every crime MAGA has committed.",2026-03-26 15:46:56,https://www.reddit.com/r/GlobalNews/comments/1s4b6ax/watch_trump_says_were_going_to_remember_if_nato/,2026-03-27 07:11:18
Reddit: r/GlobalNews,Global (Crowd),en,Noelia Castillo Ramos's Last Words Before Euthanasia Leave Family Facing Heartbreak,Noelia Castillo Ramos's Last Words Before Euthanasia Leave Family Facing Heartbreak,"Noelia Castillo Ramos's Last Words Before Euthanasia Leave Family Facing Heartbreak A 25-year-old Spanish woman who was left paralysed after a brutal gang rape is moving forward with her scheduledeuthanasiatoday, bringing a long legal battle to an end. Noelia Castillo Ramos, from Barcelona, has spent years living with intense physical pain before finally securing the legal right to end her life. Despite strong opposition from her relatives, she has remained firm in her decision as the final procedure draws near. Her determination to seek assisted dying highlights the complexities surrounding Spain's laws and the heavy toll borne by surviving victims of extreme violence. Just four days before her scheduled death, Noelia participated in one of her final interviews. She maintained she never experienced any uncertainty regarding the procedure. 'I was very clear about it from the beginning,' she explained. She acknowledged that her family's happiness could not supersede her urgent need to escape relentless distress. 'None of my family is in favor of euthanasia,' she noted. I am so sorry for her awful life. 

Life can be very unfair.",2026-03-26 21:32:31,https://www.reddit.com/r/GlobalNews/comments/1s4kl4t/noelia_castillo_ramoss_last_words_before/,2026-03-27 07:11:19
Reddit: r/GlobalNews,Global (Crowd),en,"New Yorkers gather outside Howard Lutnick $10 sex mansion house, announce to his neighbors | ""No justice no peace""","New Yorkers gather outside Howard Lutnick $10 sex mansion house, announce to his neighbors | ""No justice no peace""","New Yorkers gather outside Howard Lutnick $10 sex mansion house, announce to his neighbors | ""No justice no peace""",2026-03-27 07:05:16,https://www.reddit.com/r/GlobalNews/comments/1s4x0sg/new_yorkers_gather_outside_howard_lutnick_10_sex/,2026-03-27 07:11:19
Reddit: r/GlobalNews,Global (Crowd),en,Paranoid Putin is cracking down on Russia. He fears death is looming,Paranoid Putin is cracking down on Russia. He fears death is looming,"Paranoid Putin is cracking down on Russia. He fears death is looming The rising oil prices that have followed the war in the Middle East may have givenVladimir Putincause for short-term satisfaction. The cash will help to refill his war chest for Ukraine. But the currentconflict involving Iranmay also stir his deepest fears for the longer term, after Israel reportedly accessed Iranian traffic cameras to spy on its targets. The Russian President appears to have blocked mobile internet for days at a time across major cities, apparently concerned that would-be assassins or drones might use Russian networks and CCTV to assist a strike. Even Moscow – once a super tech-savvy capital (just think how many hackers Russia has produced) – has been subject to internet outages. Russian authorities have also placed restrictions on services such as Telegram and WhatsApp, despite their use by its soldiers on the front line. Kremlin spokesman Dmitry Peskov said the move was “partly related to the fact that a number of foreign companies refuse to comply with the norms of One of these times a article like this will be right! Lol | [ Removed by Reddit ] | It always is looming one day you just can’t push the sky away.",2026-03-26 15:15:51,https://www.reddit.com/r/GlobalNews/comments/1s4ab2n/paranoid_putin_is_cracking_down_on_russia_he/,2026-03-27 07:11:20
Reddit: r/GlobalNews,Global (Crowd),en,Family in Gaza says toddler detained and tortured by Israeli forces for 10 hours | Sky News (UK),Family in Gaza says toddler detained and tortured by Israeli forces for 10 hours | Sky News (UK),Family in Gaza says toddler detained and tortured by Israeli forces for 10 hours | Sky News (UK),2026-03-27 06:21:43,https://www.reddit.com/r/GlobalNews/comments/1s4wb87/family_in_gaza_says_toddler_detained_and_tortured/,2026-03-27 07:11:22
Reddit: r/ukraine,Ukraine (Regional),en,Losses of the Russian military to 27.3.2026,Losses of the Russian military to 27.3.2026,"Losses of the Russian military to 27.3.2026 290+ enemy land vehicles and equipment is a tremendous score for AFU, artillery getting totally wrecked once more! | Fantastic news to start the weekend with.   
I wonder when they will count in the russian warship from Leningrad.   
Well done AFU!  
Slava Ukrajini! | 68 artillery. Keep up boys | A thousand dead russians a day keep the fascists away.👏 | 11,808 tanks blown up is crazy.",2026-03-27 05:52:43,https://www.reddit.com/r/ukraine/comments/1s4vt00/losses_of_the_russian_military_to_2732026/,2026-03-27 07:11:23
Reddit: r/ukraine,Ukraine (Regional),en,The Sun has Set Over Kyiv on the 1492nd Day of the Full-Scale Invasion.  The nationwide minute of silence in Ukraine,The Sun has Set Over Kyiv on the 1492nd Day of the Full-Scale Invasion.  The nationwide minute of silence in Ukraine,"The Sun has Set Over Kyiv on the 1492nd Day of the Full-Scale Invasion.  The nationwide minute of silence in Ukraine Every morning at 9:00 a.m., Ukraine comes to a halt in a shared gesture of gratitude and mourning for all those killed in the war with Russia. For us, this daily practice is not only about remembrance",2026-03-27 03:55:49,https://www.reddit.com/r/ukraine/comments/1s4tlkv/the_sun_has_set_over_kyiv_on_the_1492nd_day_of/,2026-03-27 07:11:23
Reddit: r/ukraine,Ukraine (Regional),en,"NATO commander in Europe, American General Christopher Cavoli explains how Ukraine not only mastered the use of Patriot missile technology early on, but are now teaching NATO on how to better employ them.","NATO commander in Europe, American General Christopher Cavoli explains how Ukraine not only mastered the use of Patriot missile technology early on, but are now teaching NATO on how to better employ them.","NATO commander in Europe, American General Christopher Cavoli explains how Ukraine not only mastered the use of Patriot missile technology early on, but are now teaching NATO on how to better employ them. So right now Ukraine is the strongest and most experienced army in Europe. | I'm still amazed how people don't want to invest in the liberty of Ukraine. Not even from a moral standpoint. But even if you don't have morals, this is the perfect scenario to see how fascists fail a | Well yea....Ukraine is going to teach a lot of countries how to better employ technology while creating new technologies.

слава Україні 🇺🇦 | and still your administration is flirting (to be very mild) with Russia throwing Ukraine under a bus | Sounds like some pretty strong cards to me!",2026-03-26 12:25:22,https://www.reddit.com/r/ukraine/comments/1s4605o/nato_commander_in_europe_american_general/,2026-03-27 07:11:24
Reddit: r/ukraine,Ukraine (Regional),en,"Dinner time in my military unit somewhere Ukraine: bulgur with meat, cabbage salad with boiled sausage, and Korean-style carrots","Dinner time in my military unit somewhere Ukraine: bulgur with meat, cabbage salad with boiled sausage, and Korean-style carrots","Dinner time in my military unit somewhere Ukraine: bulgur with meat, cabbage salad with boiled sausage, and Korean-style carrots Always hearty food. Is this typical of Ukrainian meals? It looks like good, honest, decent food with carbs, meat and veg and nothing too fancy. | це виглядає дивовижно

Enjoy my friend! | Looks amazing, Fuck Russia! | “Morkovcha” spices up the meal nicely! | No buckwheat? Nice",2026-03-26 20:05:43,https://www.reddit.com/r/ukraine/comments/1s4iagz/dinner_time_in_my_military_unit_somewhere_ukraine/,2026-03-27 07:11:25
Reddit: r/ukraine,Ukraine (Regional),en,USF continues to dismantle russia's Baltic strategic cluster. 26.03.2026,USF continues to dismantle russia's Baltic strategic cluster. 26.03.2026,"USF continues to dismantle russia's Baltic strategic cluster. 26.03.2026 ""USF continues to dismantle russia's Baltic strategic cluster 🎯🔥

Our focus: the enemy's interconnected energy infrastructure. The Kirishi Oil Refinery pumps petroleum products straight to the Ust-Luga and Primorsk ports for global export.

Every single one of these facilities has now been hit by the USF. We are systematically tearing down the russian oil refining and export supply chain—from crude, to processing, to final shipment.

Today’s target: the Kirishi Oil Refinery (KINEF) in the Leningrad region. Operators from the @1usc_army , alongside the broader Defense Forces, delivered the strike. This is russia's second-largest refinery, with a massive design capacity of 20–21 million tons of oil annually.

With every hit, the enemy loses production power, export stability, and the cash fl Thank you USF (and GDP) | Just when I think the USF has hit the top limit of how awesome they are, they seem to kick things into turbo and find a secret reserve.

The other day I heard some really smart business people talking | The good news keeps coming!! 💥💥💥🔥🔥🔥

слава України 🇺🇦🇺🇦 | Yes, thank you! I will enjoy the picts or vids in a week or two after the blasts and fires are off! ✌️✌️✌️✌️✌️🇨🇭


SLAVA UKRAINI!

Well done, sláva Ukraíni! Heroyam Slava!  🇺🇦🇨🇭🇺🇦🇨🇭🇺🇦 | Вітаємо u/GermanDronePilot ! We ask our community to follow [r/Ukraine Rules](https://www.reddit.com/r/ukraine/about/rules), and be mindful as Ukraine is a nation fighting a war..

Help with political",2026-03-26 21:15:56,https://www.reddit.com/r/ukraine/comments/1s4k5tz/usf_continues_to_dismantle_russias_baltic/,2026-03-27 07:11:25
Reddit: r/ukraine,Ukraine (Regional),en,"Russia lost at least 40% of oil export capacity, Reuters reports","Russia lost at least 40% of oil export capacity, Reuters reports","Russia lost at least 40% of oil export capacity, Reuters reports Mar. 26 — Russia lost at least 40% of its oil export capacity because of Ukrainian drone attacks, seizure of tankers, and damage to the major Druzhba pipeline, which runs through Ukraine to Hungary and Slovakia,saidReuters. Journalists calculated that a 40% loss in Russian oil exports is around 2 million barrels per day, and that it hit Russia just as oil prices exceeded $100 a barrel due to the US-Israeli war on Iran. In March, Ukraine increased its drone attacks on Russian export oil infrastructure and damaged three major Russian ports: Novorossiysk on the Black ​Sea andPrimorskand Ust-Luga on the Baltic Sea. Ukraine has also launched strikes against Russian oil pumping stations and refineries. “Kyiv has also targeted pipeline oil ​pumping stations and refineries. Kyiv says it aims to diminish Moscow’s oil and gas revenue, which accounts ​for around a quarter of Russia’s state budget, and weaken its military might,” said Reuters. In early March, Ukrainian drones attacked an oil termi Only 60% to go! | Go ahead and make it 100% | The original reuters article https://www.reuters.com/business/energy/least-40-russias-oil-export-capacity-halted-reuters-calculations-show-2026-03-25/

> according to Reuters calculations based ‌on ma | According to the internet oil and gas makes up around 20% of the Russian economy. About half of their oil and gas production is used internally so that’s about 10% of gdp being linked to exports (I’m  | Hopefully with that much gone there'll be more wear and tear on the other 60% to make the job easier",2026-03-26 17:27:29,https://www.reddit.com/r/ukraine/comments/1s4dyjq/russia_lost_at_least_40_of_oil_export_capacity/,2026-03-27 07:11:26
Reddit: r/ukraine,Ukraine (Regional),en,Ukraine is developing a strategy to expand its access to the African continent - says Kyrylo Budanov.,Ukraine is developing a strategy to expand its access to the African continent - says Kyrylo Budanov.,"Ukraine is developing a strategy to expand its access to the African continent - says Kyrylo Budanov. [For the first time, Ukraine itself has set the goal of having comprehensive influence on the African continent and protecting Ukraine's interests in this region.](https://xcancel.com/visionergeo/status/2036764167043002519#m)

[Ukraine needs to confirm its status as a competitive and influential geopolitical player, maintain its subjectivity in the world, and accordingly develop its own economic, security, and other interests anywhere in the world.](https://xcancel.com/visionergeo/status/2036764167043002519#m) Does UKR have enough to help Africa by replacing the exploitative RuZ? 

I think so.......because UKR has grain diplomacy, which Africa needs. 

And also affordable tech diplomacy, which Africa needs. | An honest partner for Africa that brings food and freedom. 

Ukraine is invaluable. | Вітаємо u/Icy_Till_7254 ! We ask our community to follow [r/Ukraine Rules](https://www.reddit.com/r/ukraine/about/rules), and be mindful as Ukraine is a nation fighting a war..

Help with political ac",2026-03-27 05:33:46,https://www.reddit.com/r/ukraine/comments/1s4vgs1/ukraine_is_developing_a_strategy_to_expand_its/,2026-03-27 07:11:26
Reddit: r/ukraine,Ukraine (Regional),en,Ukrainian interceptor drones with legendary names,Ukrainian interceptor drones with legendary names,"Ukrainian interceptor drones with legendary names It's the dilduck of consequences! 🦆 | I realy love the Ukranian sense of humour. To bad I had to learn about it in these circumstances.. | I remember an interview with a soldier earlier in the war. One of the areas for their operations was code named ""Pisyun."" He laughed about having to communicate back to command a report that sounds id | The Dildo's of Consequence's Series. 

(Lube Sold Seperately). | Where's the p1-zda?",2026-03-26 16:12:17,https://www.reddit.com/r/ukraine/comments/1s4bvqg/ukrainian_interceptor_drones_with_legendary_names/,2026-03-27 07:11:27
Reddit: r/ukraine,Ukraine (Regional),en,"Ukraine Hits Target 1,000 km Away: Not Just russian Icebreaker, but Potential Kalibr Missile Carrier","Ukraine Hits Target 1,000 km Away: Not Just russian Icebreaker, but Potential Kalibr Missile Carrier","Ukraine Hits Target 1,000 km Away: Not Just russian Icebreaker, but Potential Kalibr Missile Carrier On the night of March 25, Ukrainian forces carried out a drone strike on russia's Leningrad region. One of the targets was theUst-Luga oil port. By morning, it also became clear that a vessel had beenhit at the Vyborg Shipyardin the city of Vyborg, nearly 1,000 km from Ukraine's border. The vessel was identified as the Project 23550 patrol icebreaker Purga, operated by the Coast Guard of russia's Federal Security Service (FSB). This was laterconfirmedby Ukraine's General Staff. At the time of the strike,Purga was undergoing post-launch outfitting following its launch in 2022. It was scheduled for further completion at the Admiralty Shipyards, part of the United Shipbuilding Corporation. Based on available imagery, the strike appears to have hit near the waterline. The vessel suffered heavy flooding and likely settled on the bottom, reportedly leaning against the nearby Project 22011 Vice-Admiral Burilichev oceanographic vessel, which was also under construction. In terms of capabilitie Hahahahaha (insert Evil laugh) 

What did Russian icebreakership do? | Oh Mr. Bot!

One more thing, if you may. 

Please tell us something about Russian leadership. | Wherever there is even a slightest possibility to install rackets and attack from the sea (or from wherever in fact) russians will do. For this world to survive, russians must be left with nothings mo | The ships are an answer to Canada’s Harry DeWolf-class arctic patrol vessels (which are very lightly armed in comparison).  Removing these significantly reduces the threat to arctic nations including  | Oh Mr. Bot!

Care to tell us what this little Russian warship did to itself today?",2026-03-26 10:15:59,https://www.reddit.com/r/ukraine/comments/1s43i6o/ukraine_hits_target_1000_km_away_not_just_russian/,2026-03-27 07:11:28
Reddit: r/ukraine,Ukraine (Regional),en,95th Air Assault Brigade Liberates Berezove Village in Dnipropetrovsk Oblast,95th Air Assault Brigade Liberates Berezove Village in Dnipropetrovsk Oblast,"95th Air Assault Brigade Liberates Berezove Village in Dnipropetrovsk Oblast The 95th Polissya Air Assault Brigade of the Air Assault Forces has liberated the village of Berezove in Dnipropetrovsk Oblast. This was reported on social media by theCommand of the Air Assault Forces of the Armed Forces of Ukraine. “Units of the 95th Separate Polissya Air Assault Brigade of the Air Assault Forces of the Armed Forces of Ukraine have taken full control of the settlement of Berezove in Dnipropetrovsk Oblast,” the page stated. “Units of the 95th Separate Polissya Air Assault Brigade of the Air Assault Forces of the Armed Forces of Ukraine have taken full control of the settlement of Berezove in Dnipropetrovsk Oblast,” the page stated. The settlement is located near the administrative border with the Donetsk and Zaporizhzhia regions, where Russian forces conducted active offensive operations in 2025. As a reminder, the Ukrainian Defense Forcesliberated300 km² in the southern sector as part of a counteroffensive. The Ukrainian military’s successes are also influenced by th Вітаємо u/Mil_in_ua ! We ask our community to follow [r/Ukraine Rules](https://www.reddit.com/r/ukraine/about/rules), and be mindful as Ukraine is a nation fighting a war..

Help with political action",2026-03-27 04:58:01,https://www.reddit.com/r/ukraine/comments/1s4usw2/95th_air_assault_brigade_liberates_berezove/,2026-03-27 07:11:28
Reddit: r/UkraineRussiaReport,Ukraine/Russia (Neutral Reports),en,"RU POV: Lavrov says that the difference between the situation in Iran, and the situation in Ukraine, is that Iran haven't violated any of their ""international obligations"", whilst Ukraine have ""violated everything that can be violated, together with it's Western patrons"".","RU POV: Lavrov says that the difference between the situation in Iran, and the situation in Ukraine, is that Iran haven't violated any of their ""international obligations"", whilst Ukraine have ""violated everything that can be violated, together with it's Western patrons"".","RU POV: Lavrov says that the difference between the situation in Iran, and the situation in Ukraine, is that Iran haven't violated any of their ""international obligations"", whilst Ukraine have ""violated everything that can be violated, together with it's Western patrons"". Also, Iran can read the room and pulled no punches, while Russia is still walking on eggshells in international law | Their damn obsession with “international law” is just ridiculous. Don't they realize they just look like a bunch of clowns? | There was a time when Lavrov seemed to be one of the more sane people on the Russian side. 

But his recent statements are increasingly more and more 'unhinged' as kids like to say these days. | Well that's a stretch too, but since when does anyone expect rhetoric to represent reality? | am I only the one who reads ""while Ukraine violated everything that can be violated"" where violated is raped?

Lmao

That makes me laugh cuz that's so true of how they've treated so many people includ",2026-03-26 22:02:22,https://www.reddit.com/r/UkraineRussiaReport/comments/1s4ldcq/ru_pov_lavrov_says_that_the_difference_between/,2026-03-27 07:11:29
Reddit: r/UkraineRussiaReport,Ukraine/Russia (Neutral Reports),en,RU POV: GoPro Footage: Stormtroopers riding a DesertCross 1000 buggy get hit by FPV drone seriously injuring a trooper riding in cargo area.,RU POV: GoPro Footage: Stormtroopers riding a DesertCross 1000 buggy get hit by FPV drone seriously injuring a trooper riding in cargo area.,"RU POV: GoPro Footage: Stormtroopers riding a DesertCross 1000 buggy get hit by FPV drone seriously injuring a trooper riding in cargo area. I respect that he stays in the killzone and goes right to trying to save his buddy rather than run to safety | If the leg was the only major damage done and the tourniquet was applied tight enough I would think there's a decent chance he makes it. What a horrible and disgusting war. Imagine if his friend wasn' | Jesus fuck, 4 years of this and still not used to it. | Always crazy to see how normal this situation feels, soldiers drive around on these roads just going about their day and then a drone just flies down killing and maiming them. | That leg is minced meat",2026-03-26 19:18:21,https://www.reddit.com/r/UkraineRussiaReport/comments/1s4h13o/ru_pov_gopro_footage_stormtroopers_riding_a/,2026-03-27 07:11:30
Reddit: r/UkraineRussiaReport,Ukraine/Russia (Neutral Reports),en,RU POV: Russian FPV drone hits a Ukrainian pickup truck with troops that was carrying fuel & supplies | Kharkov Region,RU POV: Russian FPV drone hits a Ukrainian pickup truck with troops that was carrying fuel & supplies | Kharkov Region,RU POV: Russian FPV drone hits a Ukrainian pickup truck with troops that was carrying fuel & supplies | Kharkov Region What kind of warheads do some of these fpvs be packing these days?,2026-03-27 03:36:57,https://www.reddit.com/r/UkraineRussiaReport/comments/1s4t7of/ru_pov_russian_fpv_drone_hits_a_ukrainian_pickup/,2026-03-27 07:11:30
Reddit: r/UkraineRussiaReport,Ukraine/Russia (Neutral Reports),en,"UA POV: Trump: ""I heard the head of Germany say, “This is not our war” about Iran. I said, well, Ukraine is not our war—we helped. I thought it was a very inappropriate statement to make, but he made it, he can’t erase it.""","UA POV: Trump: ""I heard the head of Germany say, “This is not our war” about Iran. I said, well, Ukraine is not our war—we helped. I thought it was a very inappropriate statement to make, but he made it, he can’t erase it.""","UA POV: Trump: ""I heard the head of Germany say, “This is not our war” about Iran. I said, well, Ukraine is not our war—we helped. I thought it was a very inappropriate statement to make, but he made it, he can’t erase it."" But Ukraine is YOUR war and dragged Europe into it, US politics are such a joke | But if the US is the master puppeteer supposedly controlling all the NATO countries, why isn't Trump able to just make them do as he pleases? | ""We helped"" 

Significantly more than any other country on the planet.

I'd argue that it is the USAs war because without it, the war would be long over. But what do dead Ukrainians matter, as long as | And you may ask yourself, ""How do I win this?""

And you may ask yourself, ""Where is that large aircraft carrier?""

And you may tell yourself, ""This is not my beautiful Strait.""

And you may tell yours | Ukraine is usa war lol. Rare earths, weapon sales, oil sales, lng sales, strategically weakening an adversary, strategically making eu depend on us for survival, 


Ukraine is us war in many ways",2026-03-26 15:51:45,https://www.reddit.com/r/UkraineRussiaReport/comments/1s4bb45/ua_pov_trump_i_heard_the_head_of_germany_say_this/,2026-03-27 07:11:31
Reddit: r/UkraineRussiaReport,Ukraine/Russia (Neutral Reports),en,Ru pov: Lavrov on Russia-US negotiations,Ru pov: Lavrov on Russia-US negotiations,"Ru pov: Lavrov on Russia-US negotiations I have a feeling every person inside Russia has lost all patience when it comes to any negotiation process and is fed up with fighting with one hand behind their back…..except Putin. 

If you watched  | Alaska summit. He doesn't specify what ""clear, concrete understandings were reached"" but he doesn't have to. Russia didn't need to *understand* anything. All the understanding was on Trump's part. Tru | just watching one minute of it you can agree with their point though:

it WAS manufactured by EU and funded by the US",2026-03-27 02:24:38,https://www.reddit.com/r/UkraineRussiaReport/comments/1s4rn70/ru_pov_lavrov_on_russiaus_negotiations/,2026-03-27 07:11:31
Reddit: r/UkraineRussiaReport,Ukraine/Russia (Neutral Reports),en,"UA POV: According to Zelenskyy, Russia is 100% losing. He said that Russia is losing up to 35,000 people a month at a rate they can't keep up with their mobilization, contract recruitment & training.","UA POV: According to Zelenskyy, Russia is 100% losing. He said that Russia is losing up to 35,000 people a month at a rate they can't keep up with their mobilization, contract recruitment & training.","UA POV: According to Zelenskyy, Russia is 100% losing. He said that Russia is losing up to 35,000 people a month at a rate they can't keep up with their mobilization, contract recruitment & training. It's worth noting that [AMK Mapping](https://t.me/AMK_Mapping/27331) gave a decent response to this idea:

>Even if they were suffering 30,000 casualties per month, only a fraction of those are KIA, a | And thats why Ukraine is kidnapping men, of all ages, off the streets? | Logic: Russia is an authoritarian state, but at the same time Russia is afraid to declare a general mobilization. Is the opinion of citizens important in an authoritarian state? | Ok, then keep up the good work zelensky.
At that rate you will defeat Russia very soon | Yet only one country has built barbed wire fences around its borders and is kidnapping new recruits off the streets...",2026-03-26 14:55:15,https://www.reddit.com/r/UkraineRussiaReport/comments/1s49q6f/ua_pov_according_to_zelenskyy_russia_is_100/,2026-03-27 07:11:32
Reddit: r/UkraineRussiaReport,Ukraine/Russia (Neutral Reports),en,UA POV:152mm SpGH DANA (ShKH vz. 77) Howitzers Supplied by Czech Republic in Ukrainian Service (2022–2025).,UA POV:152mm SpGH DANA (ShKH vz. 77) Howitzers Supplied by Czech Republic in Ukrainian Service (2022–2025).,UA POV:152mm SpGH DANA (ShKH vz. 77) Howitzers Supplied by Czech Republic in Ukrainian Service (2022–2025). What a goofy ass looking system,2026-03-27 01:37:24,https://www.reddit.com/r/UkraineRussiaReport/comments/1s4qkvc/ua_pov152mm_spgh_dana_shkh_vz_77_howitzers/,2026-03-27 07:11:32
Reddit: r/UkraineRussiaReport,Ukraine/Russia (Neutral Reports),en,"UA POV: US intends to divert $750 million in funding provided by NATO countries, to restock its own inventories, rather than to send additional assistance to Ukraine - Washington post","UA POV: US intends to divert $750 million in funding provided by NATO countries, to restock its own inventories, rather than to send additional assistance to Ukraine - Washington post","UA POV: US intends to divert $750 million in funding provided by NATO countries, to restock its own inventories, rather than to send additional assistance to Ukraine - Washington post European countries paid billions for US equipment to be delivered to Ukraine. That money is now being stolen to be used against Iran. Sikorski in particular was very proud of this plan. What could the US possibly have to offer to a country that shoots down 99% of all aerial targets for 4 years straight and kills upwards of 1K enemy combatants every single day? | > ""to restock the US military's own inventories, rather than to send additional assistance to Ukraine"" 

I can taste the seething from the screenshot. | Well, I can suspect that situation around Iran was the final nail in american stockpiles of specific munitions. So, no wonder. | Man agent Bibi performance is truly remarkable, he should get Hero of the Russia federation or sumshi | Good. We've given too much to the cocaine beggar and the fae ingrates of NATO already.",2026-03-26 18:55:24,https://www.reddit.com/r/UkraineRussiaReport/comments/1s4gepk/ua_pov_us_intends_to_divert_750_million_in/,2026-03-27 07:11:33
Reddit: r/UkraineRussiaReport,Ukraine/Russia (Neutral Reports),en,RU POV: Map of Ukrainian drones using Baltic airspace to carry out strikes on Russian territory - Military Informant tg channel,RU POV: Map of Ukrainian drones using Baltic airspace to carry out strikes on Russian territory - Military Informant tg channel,"RU POV: Map of Ukrainian drones using Baltic airspace to carry out strikes on Russian territory - Military Informant tg channel https://t. me/milinfolive/169195 Is fine when Belarus allows a whole invasion army, but this is where we draw the line I guess, what a stupid argument | Is there any evidence of this or did someone just draw a line on a map? | The first contenders for a retaliatory strike are clearly visible on the map. | Doesn't Belarus allow Russia to send drones and missiles across their border as well? If so I can't exactly blame Baltic states or Poland for pulling this. | Baltic chihuahua's at your service.",2026-03-26 11:31:59,https://www.reddit.com/r/UkraineRussiaReport/comments/1s44wri/ru_pov_map_of_ukrainian_drones_using_baltic/,2026-03-27 07:11:34
Reddit: r/UkraineRussiaReport,Ukraine/Russia (Neutral Reports),en,"UA POV: In Kiev, a police car tried to hit a random cyclist","UA POV: In Kiev, a police car tried to hit a random cyclist","UA POV: In Kiev, a police car tried to hit a random cyclist Two stars wanted level. 

*Not great, not terrible* | TG INSIDER UA announced that there would be a “fair distribution of mobilization.” “In some places there are no more men, while the situation in Kiev is different.” 

Translated into English: Everyone | Is ""bussification through traffic accident"" their new preferred method? | This is what happens when you sleep through a basic driving course and think you're Colin McRae. | Drug addicts.",2026-03-26 20:41:53,https://www.reddit.com/r/UkraineRussiaReport/comments/1s4j9as/ua_pov_in_kiev_a_police_car_tried_to_hit_a_random/,2026-03-27 07:11:34
Reddit: r/AskMiddleEast,Middle East (Crowd),en,She can't even admit that America and Israel killed her cousin,She can't even admit that America and Israel killed her cousin,"She can't even admit that America and Israel killed her cousin Reverse Image Search:

[Google Images](https://www.google.com/searchbyimage?image_url=https://i.redd.it/2c6xz4mxwfrg1.jpeg&client=app) || [SauceNAO](https://saucenao.com/search.php?url=https://i.redd. | I feel so bad for her cousin. Imagine dying, and your own flesh and blood defends the people who killed you. | Holy cognitive dissonance Batman | I’m so disgusted",2026-03-26 19:22:07,https://www.reddit.com/r/AskMiddleEast/comments/1s4h4mi/she_cant_even_admit_that_america_and_israel/,2026-03-27 07:11:36
Reddit: r/AskMiddleEast,Middle East (Crowd),en,Isreali apartheid militants savagely torture 18 month old and cover the innocent baby with cigarette burns. Analysts say the regime has gone rogue with cases of r*pe skyrocketing,Isreali apartheid militants savagely torture 18 month old and cover the innocent baby with cigarette burns. Analysts say the regime has gone rogue with cases of r*pe skyrocketing,Isreali apartheid militants savagely torture 18 month old and cover the innocent baby with cigarette burns. Analysts say the regime has gone rogue with cases of r*pe skyrocketing Where are all the Pahlavi Monarchists crying about oppression and human rights now? | The oppression is truly intensified against our Muslims brothers and sisters. We should help them to make hijra to countries where they can live in security and without fear of oppression.  Allah SWT  | [ Removed by Reddit ],2026-03-26 22:54:42,https://www.reddit.com/r/AskMiddleEast/comments/1s4mp6i/isreali_apartheid_militants_savagely_torture_18/,2026-03-27 07:11:36
Reddit: r/AskMiddleEast,Middle East (Crowd),en,Is this comic true?,Is this comic true?,"Is this comic true? Reverse Image Search:

[Google Images](https://www.google.com/searchbyimage?image_url=https://i.redd.it/cfmovx5dwhrg1.jpeg&client=app) || [SauceNAO](https://saucenao.com/search.php?url=https://i.redd. | When you have no self-respect, why should someone else care? | The Saudi desalination plants are getting it first.  They would have to evacuate their cities.",2026-03-27 02:02:29,https://www.reddit.com/r/AskMiddleEast/comments/1s4r55m/is_this_comic_true/,2026-03-27 07:11:36
Reddit: r/AskMiddleEast,Middle East (Crowd),en,"We all know which country’s diaspora fits this meme better than Algeria, don’t we?","We all know which country’s diaspora fits this meme better than Algeria, don’t we?","We all know which country’s diaspora fits this meme better than Algeria, don’t we? Reverse Image Search:

[Google Images](https://www.google.com/searchbyimage?image_url=https://i.redd.it/j2w32i647grg1.gif&client=app) || [SauceNAO](https://saucenao.com/search.php?url=https://i.redd.i | Where’s the diaspora Iranian who was exiled in ‘79 after sucking their compatriots dry under American rule and spends all his time seething | You forgot south Korea | Is Brazil really viewed like that? We are called ""monkeys"" all the time by Argentinians (wannabe Europeans) because we have many black and mixed people | LOL, just the other day a Turkish guy was on here trying to convince me Turks were ""White Europeans"" because in the USA they are categorised as Caucasian.",2026-03-26 20:19:22,https://www.reddit.com/r/AskMiddleEast/comments/1s4inz8/we_all_know_which_countrys_diaspora_fits_this/,2026-03-27 07:11:37
Reddit: r/AskMiddleEast,Middle East (Crowd),en,The Independent: “US is losing the war”,The Independent: “US is losing the war”,"The Independent: “US is losing the war” Reverse Image Search:

[Google Images](https://www.google.com/searchbyimage?image_url=https://i.redd.it/bva4ixxyogrg1.jpeg&client=app) || [SauceNAO](https://saucenao.com/search.php?url=https://i.redd. | The most powerful military in the world and the worlds biggest economy doesn’t mean shit when you have an idiot in charge | I don’t even know what trump’s 15 point plan was in the first place | The Suez Crisis of 1956 is widely regarded as the moment the British and French Empires were over. Ironically because it showed the U.S was able to twist both of their arms into getting the fuck out.
",2026-03-26 21:59:15,https://www.reddit.com/r/AskMiddleEast/comments/1s4la55/the_independent_us_is_losing_the_war/,2026-03-27 07:11:37
Reddit: r/AskMiddleEast,Middle East (Crowd),en,"LA Persian monarchist Mooné Rahimi, who went viral for a dance video supporting Trump’s airstrikes on Iran, now says her cousin was killed in the war.","LA Persian monarchist Mooné Rahimi, who went viral for a dance video supporting Trump’s airstrikes on Iran, now says her cousin was killed in the war.","LA Persian monarchist Mooné Rahimi, who went viral for a dance video supporting Trump’s airstrikes on Iran, now says her cousin was killed in the war. Reverse Image Search:

[Google Images](https://www.google.com/searchbyimage?image_url=https://i.redd.it/3mlbd5882frg1.jpeg&client=app) || [SauceNAO](https://saucenao.com/search.php?url=https://i.redd. | But he died for her to have an onlyfans account in iran so its all good ❤️✌️ | Iranian monarchists are the dumbest fucks on the planet. These clowns actually believe the US and Israel give a shit about them, cheering for bombs to rain down on their own country and families, all  | Iranian monarchists to their people:

![gif](giphy|9ywPjIs6wjn1Q9mnSE|downsized) | Her twitter says she lives in US. She's not even a real Iranian.",2026-03-26 16:30:00,https://www.reddit.com/r/AskMiddleEast/comments/1s4ccv3/la_persian_monarchist_mooné_rahimi_who_went_viral/,2026-03-27 07:11:38
Reddit: r/AskMiddleEast,Middle East (Crowd),en,"John Kiriakou recounts how 10,000 documents in the JFK files that directly implicate Israel in the assassination were deliberately withheld from the public by Trump.","John Kiriakou recounts how 10,000 documents in the JFK files that directly implicate Israel in the assassination were deliberately withheld from the public by Trump.","John Kiriakou recounts how 10,000 documents in the JFK files that directly implicate Israel in the assassination were deliberately withheld from the public by Trump. I SWEAR to god it doesn't get more obvious than this | It's not rocket science or even mysterious tbh. Just look up FARA and Israel Nuclear program. | There are thousands of documents implicating Cuba.  Thousands implicating the Soviets.  Thousands implicating the mob.  And now thousands implicating Israel?  Did they all do it together?  There were  | This guy is such a wierdo. I wouldnt take anything he says seriously.",2026-03-26 11:25:31,https://www.reddit.com/r/AskMiddleEast/comments/1s44sa1/john_kiriakou_recounts_how_10000_documents_in_the/,2026-03-27 07:11:38
Reddit: r/AskMiddleEast,Middle East (Crowd),en,Lol what is Saudi and Khaleejis as a whole thinking,Lol what is Saudi and Khaleejis as a whole thinking,"Lol what is Saudi and Khaleejis as a whole thinking Reverse Image Search:

[Google Images](https://www.google.com/searchbyimage?image_url=https://i.redd.it/mqrd3d287hrg1.jpeg&client=app) || [SauceNAO](https://saucenao.com/search.php?url=https://i.redd. | Why aren’t the Saudis speaking for themselves? Where’s their voice in all this? | We believe trump now? | Yes, it’s not Netanyahu that is urging and directing Trump but the Saudis who have nearly zero interest in a regional conflict who are urging the US president to continue. This whole heading is ridicu | Them and Jared made all that money last week in the stock market, you can guarantee it.  That's why Jared runs a fund for them even though he has no experience doing that.",2026-03-26 23:41:34,https://www.reddit.com/r/AskMiddleEast/comments/1s4nv9d/lol_what_is_saudi_and_khaleejis_as_a_whole/,2026-03-27 07:11:38
Reddit: r/AskMiddleEast,Middle East (Crowd),en,Account Name Israeli titan location south asia,Account Name Israeli titan location south asia,"Account Name Israeli titan location south asia Classic  Reverse Image Search:

Image 1: [Google Images](https://www.google.com/searchbyimage?image_url=https://i.redd.it/tbati8xhjerg1.png&client=app) || [SauceNAO](https://saucenao.com/search.php?url=https:/ | Last time a person from that country called me racial slurs, i replied with no slurs and proper response and got banned from reddit for 3 days just because i said that my country should be more carefu | I honestly am surprised by what they are trying to propagate as truth... | Israeli propaganda can be very stupid but there is a level of retardation Israelis don't have the creativity to even come up with and when you find that kind of gem you know where its from. | bro these usernames reeks shit probably aint paid on this level",2026-03-26 14:46:24,https://www.reddit.com/r/AskMiddleEast/comments/1s49hen/account_name_israeli_titan_location_south_asia/,2026-03-27 07:11:39
Reddit: r/AskMiddleEast,Middle East (Crowd),en,"Member of ""Knesset"" yesterday said there are no innocent children in the West Bank","Member of ""Knesset"" yesterday said there are no innocent children in the West Bank","Member of ""Knesset"" yesterday said there are no innocent children in the West Bank Another day, another outrageous statement from an ""Israeli"". All that dehumanizing and tough talk on children 🤦🏽‍♂️, This mf looks like the type of guy who would loose 1v1 to a palestinian 12 yr old with a slingshot 💀 | [ Removed by Reddit ] | [ Removed by Reddit ] | fat bald fuck | wtf why is there only one person in the crowd LOL",2026-03-26 17:26:20,https://www.reddit.com/r/AskMiddleEast/comments/1s4dxe2/member_of_knesset_yesterday_said_there_are_no/,2026-03-27 07:11:39
Reddit: r/israelpalestine,Middle East (Contested),en,The propaganda against Israel and the US is insane in Operation Roaring Lion,The propaganda against Israel and the US is insane in Operation Roaring Lion,"The propaganda against Israel and the US is insane in Operation Roaring Lion I recently decided to come out as a Zionist in a discord server, and one user responded to me with a bunch of conspiracies around Jews: Israel did 9/11, Israel controls the US government, and on and on.  I asked this discord user what background they identified with since they knew I was an American Jew, and they responded they were Middle Eastern but not Arab. 

To gain better perspective as to what other people are seeing in the war between Israel/US and Iran, I decided to make a deal with this user to share information about the war. I would send them what I'm reading and watching, they would send me what they are consuming. They agreed, and so far the both of us have been civil in exploring the other's reality. 

I started off by sending them my usual go-tos. This meant Ben Shapiro, Je This is part of the problem. The mainstream media (which for whatever reason everyone claims is controlled by the Jews/Zionists) barely talks about Iran's crimes and almost only ever criticizes Israel | Last night, I saw an Australian mainstream news outlet (7 or 9 news, can't be bothered to look it up again) report on the latest IDF strikes in Lebanon.

The report took a good amount of time to show  | > I started off by sending them my usual go-tos. This meant Ben Shapiro

You can’t be serious lol | The bots farms are using all the electricity in qatar and Iran | Anti war propaganda has always been a thing in the US. Most people who are alive today can’t remember a time when there was a war without anti war propaganda.

The difference is pro war factions, both",2026-03-27 02:47:18,https://www.reddit.com/r/IsraelPalestine/comments/1s4s4xe/the_propaganda_against_israel_and_the_us_is/,2026-03-27 07:11:40
Reddit: r/israelpalestine,Middle East (Contested),en,To those standing for Palestine: How do you reconcile the arson attack on London’s Hatzolah ambulances?,To those standing for Palestine: How do you reconcile the arson attack on London’s Hatzolah ambulances?,"To those standing for Palestine: How do you reconcile the arson attack on London’s Hatzolah ambulances? I am writing this because I believe that even in the most polarized of conflicts, there must be a baseline of proper order and human decency. We can disagree on so many things like borders, history, and politics, but surely we can all agree on the sanctity of life saving medical services.

Earlier this week,[ four Hatzolah ambulances in Golders Green were destroyed in a targeted arson attack](https://medium.com/p/6c0d8b45817d). For those who aren't aware, Hatzolah is a volunteer emergency medical service. They don't check ID cards or ask for political affiliations before they save a life; they respond to heart attacks, accidents, and al sorts of other emergencies for anyone in the community, Jewish or otherwise.

[An Iran linked group called the ""Islamic Movement of the People of the Right Step 1: Demand extensive proof it was ""in any way related to Palestine""  
Step 2: Deny sources, demand more. If person stops giving new sources, declare victory.  
Step 3: If faced with irrefutable so | random pro palestinian people committing hate crimes against jews half a world away doesn't speak to whether palestinian nationalism is or isn't valid.

hell, one can be a hawkish zionist *and* pro a  | Most people cant see, that these were UK ambulances with a certain religion.  
Those ambulances were there for all people.  


Someone else want to globalise intifada still?  
This, is it.. dumb. | Sure, I can do that. For one thing, it's morally indefensible. Well gee, not much of a statement, \*plenty\* of morally indefensible things happen that one might be compelled to defend \*anyways\*. Bu | They approve of it since it is an attack against jews",2026-03-26 18:41:09,https://www.reddit.com/r/IsraelPalestine/comments/1s4g0y8/to_those_standing_for_palestine_how_do_you/,2026-03-27 07:11:41
Reddit: r/israelpalestine,Middle East (Contested),en,Misconception about the Right of Return,Misconception about the Right of Return,"Misconception about the Right of Return For a long time, I struggled to articulate why I think the law of return is necessary and different than the potential right of return for displaced Palestinians.

The Law of Return is about immigration policy, not the rights of citizens within the Israeli system. It isn’t meant to racially discriminate, which is something people either maliciously ignore or don’t understand.

Historically, when Jews were persecuted abroad it was a) due to a lack of protections enshrined in law, b) travel restrictions on immigration. The right of return addresses both of these things.

When antisemitism rises, Jews might need to leave the countries where they currently reside at the drop of a hat, and the Right of Return is the structural system for that. Addressing the rights of Palestinians who were disp Several other important differences:

1. Countries have a sovereign right to control their borders and to decide who may immigrate. The claim is made that Israel’s sovereign right should be overridden | the ""palestinian"" right of return to israel is a non starter, it is not a proposal to be made by anyone serious about peace. | The difference between the law of return and the “Palestinian right of return” is that the law of return is something 100% agree with. The Palestinian right of return is something 100% of Israelis rej | Israel's birthright is not discriminating people that live IN Israel.
Its affects people that DONT live in it.
(Same as any other immigration policy in the world).

Essentially Israel has some form of | Hi icecreamfordogs, **thank you** for posting in our community!  Please check if your post is rule 10 and 11 compliant.  Consider  deleting immediately before there are comments if it is not, but not ",2026-03-26 22:46:47,https://www.reddit.com/r/IsraelPalestine/comments/1s4mi4k/misconception_about_the_right_of_return/,2026-03-27 07:11:41
Reddit: r/israelpalestine,Middle East (Contested),en,"Are Hezbollah and Hamas unintended outcomes of Israel’s proxy wars , supporting Hamas and the South Lebanon Army to counter the PLO?","Are Hezbollah and Hamas unintended outcomes of Israel’s proxy wars , supporting Hamas and the South Lebanon Army to counter the PLO?","Are Hezbollah and Hamas unintended outcomes of Israel’s proxy wars , supporting Hamas and the South Lebanon Army to counter the PLO? During the Lebanese civil war and Israel’s 1982 invasion of Lebanon, Israel supported armed militias such as the South Lebanon Army. At the same time, Israel tolerated or indirectly encouraged Islamist networks in Gaza, which later became Hamas, to weaken the Palestine Liberation Organization (PLO). However, these actions had significant long-term consequences. Groups like Hezbollah emerged in direct resistance to the Israeli occupation and the collaborationist militias, eventually gaining autonomy and regional influence. Similarly, Hamas evolved beyond the initial tolerances and became a central political and military actor in Gaza. In short, Israel’s proxy intervention strategies created the conditions that fostered the rise of independent, radical armed groups.



Even now in 2026,if th They are consequences of Iran trying to build an empire, and they almost got it to work.


They are also a consequence of islamists being entitled babies who think they are entitled to all land and ca | [How Wikipedia Became a Propaganda Site](https://www.thefp.com/p/how-wikipedia-became-propaganda-site) | Hi Renzo100, **thank you** for posting in our community!  Please check if your post is rule 10 and 11 compliant.  Consider  deleting immediately before there are comments if it is not, but not after (",2026-03-27 05:59:53,https://www.reddit.com/r/IsraelPalestine/comments/1s4vxhn/are_hezbollah_and_hamas_unintended_outcomes_of/,2026-03-27 07:11:41
Reddit: r/israelpalestine,Middle East (Contested),en,Are We Seriously Punishing Punishing A Society For Protecting Her People?,Are We Seriously Punishing Punishing A Society For Protecting Her People?,"Are We Seriously Punishing Punishing A Society For Protecting Her People? To those who think that Israel is committing genocide. Walk me through the logic of that because I genuinely want to understand what you're arguing. The death toll in Gaza is around 70,000 and that number is meant to carry the entire weight of the genocide accusation. Fine, let's work with it. On October 7 alone, Hamas launched over 4,000 rockets into Israel in a single day and in the two weeks that followed had already fired 7,000, yet Israeli casualties from all that rocket fire came out to 15 people because Israel had built an entire national infrastructure (e.g. bomb shelters, iron dome etc.) specifically so her citizens don't die when people try to kill them. Now I want you to sit with that and then tell me honestly what the death toll looks like if Israel doesn't do any of that, if s The people on the other side of the argument you're making don't see the society in question as legitimate. It is an occupier/aggressor state in their view, so any act of resistance is justified and t | All of this is pretty much why I can't be on board with any faction on the pro-Palestine movement. | I think your analogy is apt. People seeing a mother burning down the world in order to, in her mind, protect her children is something that might initially generate sympathy, but at some point people  | Many Westerners don’t care about the lives of Palestinians either. After all, they were silent when Assad was dropping barrel bombs on Palestinians in Yarmouk. And many of those Westerners are entirel | Genocide isn't really about how many people you kill. Srebrenica, the only genocide recognized by the ICJ, was 8000 people. It's about the intent to physically or biologically destroy a protected grou",2026-03-26 09:02:23,https://www.reddit.com/r/IsraelPalestine/comments/1s42a0m/are_we_seriously_punishing_punishing_a_society/,2026-03-27 07:11:43
Reddit: r/israelpalestine,Middle East (Contested),en,What drives Netanyahu,What drives Netanyahu,"What drives Netanyahu While often viewed through the lens of tactical survival, Netanyahu’s project is rooted in a coherent, albeit grim, philosophical framework. While the ""populist right"" is often associated with the post-2016 era of Donald Trump or Viktor Orbán, Netanyahu was practicing its core tenets as early as the mid-1990s. Though unlike the populists, who rely on working class grievence, Netanyahu's political philosophy is a synthesis of historical realism, Social Darwinism, cultural nationalism, and distrust of ""liberal"" institutions.

Netanyahu’s recent references to Genghis Khan and Jesus illustrate this Social Darwinist streak: he views history as a relentless competition between civilizations where ""the weak are slaughtered"" and ""the strong survive."" To Netanyahu, the ""liberal international order"" He couldn't have come up with a poorer choice of words because Genghis Khan is infamously remembered for genociding about half the population of Iran and its neighbors | A desire to not get arrested for all his corruption. | Hi Amazing-Buy-1181, **thank you** for posting in our community!  Please check if your post is rule 10 and 11 compliant.  Consider  deleting immediately before there are comments if it is not, but not | Netanyahu believes in the separation of powers? I mean if that means the executive is separated from powers holding it accountable, then sure he absolutely does believe in the “separation of powers”. | I don't think anyone knows exactly what drives Netanyahu, or his true opinions.

It's clear that he is a deeply duplicitous and manipulative politician with a long-term agenda that he only reveals pie",2026-03-26 18:57:01,https://www.reddit.com/r/IsraelPalestine/comments/1s4gg7k/what_drives_netanyahu/,2026-03-27 07:11:43
Reddit: r/israelpalestine,Middle East (Contested),en,Iran is not even in the Levant!,Iran is not even in the Levant!,"Iran is not even in the Levant! Iran shares no border with Israel or Palestine. The Iranian people are not Levantine, and there is no ethnic, linguistic, or historical basis for the Iranian regime’s weird ass obsession with this conflict. Iran is not the Arab world. The Persian language is not even in the same language family as Arabic and Hebrew, which are both Semitic languages. The history, identity, and culture are distinct. As an Iranian American, I am trying to understand why the HELL the Iranian government has been fixated on Israel since 1979, and why kids in Iran are forced in school to wave Palestine flags, burn Israeli flags, and chant “death to Israel” before they are even old enough to understand what they are being taught. It is bizarre and embarrassing. 

This obsession has brought nothing but misery to Ir I agree with you and your frustration as an Iranian.  Your government is very unconcerned with your welfare which isn't good.  

In terms of why, the Iranian regime's primary foreign policy goal is to | Ahhh... You see... The IRGC cares not at all about Persia, the Levant, or anything else... save for Islamic Dominion. | It is very odd. Iran was captured by a super authoritarian and religious zealot regime which uses an especially antisemitic interpretation of Islam. Since it has no basis in any real grievances I thin | Not an anti zionist (completely the opposite.) but, my understanding is the Iranian Regime is trying to claim they are the true leadership for Muslims in the region, not the Saudi's and this is part o | We’re not in the Levant, we’re not in the Middle East, he’ll we’re not even in the same hemisphere, yet almost all of our politicians have largely, up until recently, been prioritizing defending Israe",2026-03-26 09:19:13,https://www.reddit.com/r/IsraelPalestine/comments/1s42joe/iran_is_not_even_in_the_levant/,2026-03-27 07:11:44
Reddit: r/israelpalestine,Middle East (Contested),en,"Indictment filed against 3 Palestinians in Jewish teen lynching in Hawara, Judea and Samaria","Indictment filed against 3 Palestinians in Jewish teen lynching in Hawara, Judea and Samaria","Indictment filed against 3 Palestinians in Jewish teen lynching in Hawara, Judea and Samaria Following a joint investigation on March 24, 2026, the Shin Bet and Border Police officially filed indictments against three Palestinians for a brutal lynching attempt in Hawara. This follows the investigation into the January 25 attack that has now led to criminal charges.

The event happened when a Jewish teenager entered the village by mistake. He was immediately targeted by local residents in a brutal lynching attempt. The attackers beat the teen until he lost consciousness, and they only stopped because they thought he was dead. They left him in the street, and the authorities are calling this a serious security-related incident. Border Police arrested six people, and now three have been officially charged.

This case highlights a specific pattern of violence in Judea and Samaria. Whe I can always tell when there’s no shooting war and normal talk returns to “settler violence” and “open air prisons”.  This occurs after “ceasefire now to stop the genocide!” season. | The most important thing to understand, if my lazy gpt search is correct, is that virtually all of the settler attacks were perpetrated by a small group of a few hundred violent Israeli settlers. I'm  | >The real point is the difference between the two sides. Usually, Palestinians attack Israelis unprovoked, just for being Jewish. On the other hand, when Palestinians get hurt, it’s because they were  | Surely, the three Palestinians will receive a fair and honest trial, where their rights are respected and they have a real chance to defend themselves? Or will they be tried in a military tribunal, un | Good job to Shin Bet and the Border Police for the indictment.",2026-03-25 23:27:27,https://www.reddit.com/r/IsraelPalestine/comments/1s3r1ig/indictment_filed_against_3_palestinians_in_jewish/,2026-03-27 07:11:44
Reddit: r/israelpalestine,Middle East (Contested),en,"Anti-Zionists, how would the end of the current state of Israel work?","Anti-Zionists, how would the end of the current state of Israel work?","Anti-Zionists, how would the end of the current state of Israel work? I'm just curious, because it seems by very definition, anti-zionism means that Israel should not exist in it's current state. So how would that happen? How would people living for generations in Israel with European roots move to nations they've never been to before and be granted citizenship? Or how would the Israeli government accept they have to grant citizenship to all arabs living in the Gaza Strip/West Bank that would make arabs a majority in Israel and guarantee Jews would not be systemically discriminated against with the new make-up in government. Or who would broker all of this?  Not every Israeli fled Europe. A substantial amount also fled the Middle East and Africa. If those people “returned to where they came from 🤡,” they’d be killed. Just like the ones who fled Europe. | There's no situation where Jews wouldn't be immediately persecuted in an Arab controlled Israel.  First they would be persecuted.  Then marginalized.  Then violence would surely follow, just as it did | How it would work depends on what kind of anti-zionist you are talking to.

**Western liberal pro-Palestinians:** everyone lives in one state and the Palestinians magically embrace a desire for a libe | Most Jews in Israel are of Middle East descent. There no point of return. So many people are mixed too, father grands parents from Iran, other side form Algeria. We will fight until the end. | Most of the anti-Zionists I've talked to don't care about the details. They want Israel to be dismantled and anything that happens after that the ""Zionists"" probably deserve as far as they are concern",2026-03-25 14:07:18,https://www.reddit.com/r/IsraelPalestine/comments/1s3bre2/antizionists_how_would_the_end_of_the_current/,2026-03-27 07:11:47
Reddit: r/israelpalestine,Middle East (Contested),en,Some questions I have about the Israel Palestine conflict,Some questions I have about the Israel Palestine conflict,"Some questions I have about the Israel Palestine conflict Hello everyone, I was first introduced to Israel and Palestine on Oct 7, prior to this, I had never really heard much from them or that region, initially I had a lot of sympathy for israel's cause,  however the sheer number of israeli war crimes made me a lot more divided on the issue, there's some of questions I have for both sides, I'd really appreciate for someone to help me out here.

For the pro palestinans

1. What exactly do you think israels response should have been after oct 7th ?
2. Do you really believe that hamas embeds with civillians the way israel claims ?
3. If your answer to 2 is yes, do you believe this is enough reason for israel to not attempt to fight back ?
4. How do you think israel should respond to hezbollah attacks from southern lebanon ?
5. Do you believe that t Can’t help but notice there are zero answers from pro Palestinians.

In general, I find many of them apparently have an acute allergy to specific questions like this or getting into verified facts. | >Do you think the way the state of israel was formed was fair to the arabs in the area ?

It's not a matter of fair. That small patch of land was promised by the British and its allies to both Jews an | From a pro Israeli

1. Do you think the way the state of israel was formed was fair to the arabs in the area ?
   1. Most historians agree that '48 was a missed opportunity for Arabs. The Jews had bee | > the sheer number of israeli war crimes

You've been lied to.

Israel fights within the laws of war.

Every single strategy Gaza uses is a war crime. Non-uniformed military. Launching  thousands of r | These are terrific questions. And the fact of you asking them a great credit to your wish to understand. Let is know where you come out.",2026-03-25 22:22:49,https://www.reddit.com/r/IsraelPalestine/comments/1s3pe17/some_questions_i_have_about_the_israel_palestine/,2026-03-27 07:11:48
Reddit: r/iranian,Iran (Diaspora),en,US planes are indiscriminately dropping magnetic land mines that are exploding after being dropped near civillian areas upon contact,US planes are indiscriminately dropping magnetic land mines that are exploding after being dropped near civillian areas upon contact,"US planes are indiscriminately dropping magnetic land mines that are exploding after being dropped near civillian areas upon contact >Last night an USraeli warplane dropped electromagnetic mines on the village of Jamal Abad, SW of Shiraz city, killing one woman in her kitchen. A young man was killed when he picked one up next to hi",2026-03-26 16:28:20,https://www.reddit.com/r/iranian/comments/1s4cbb1/us_planes_are_indiscriminately_dropping_magnetic/,2026-03-27 07:11:48
Reddit: r/iranian,Iran (Diaspora),en,Sky News Australia : Watch: Trump announces Iran’s present to US of Ten oil boats,Sky News Australia : Watch: Trump announces Iran’s present to US of Ten oil boats,Sky News Australia : Watch: Trump announces Iran’s present to US of Ten oil boats,2026-03-27 06:30:29,https://www.reddit.com/r/iranian/comments/1s4wgem/sky_news_australia_watch_trump_announces_irans/,2026-03-27 07:11:49
Reddit: r/iranian,Iran (Diaspora),en,Inside Iran's 'toll booth' regime keeping the Strait of Hormuz on lock,Inside Iran's 'toll booth' regime keeping the Strait of Hormuz on lock,"Inside Iran's 'toll booth' regime keeping the Strait of Hormuz on lock Iran seems to be positioning itself as the controller of the Strait of Hormuz, the globe's most critical passage for oil transportation. This strategy could solidify Tehran's effective stranglehold over the vital waterway and officially establish its capacity to maintain its own oil exports to China. Communications from Iran to theUnited Nationsmaritime authority, along with accounts from vessels passing through the strait, indicate the establishment of what resembles a ""toll booth"" system. Vessels are required to enter Iranian waters and undergo inspection by Iran's Islamic Revolutionary Guards Corps. At least two ships have reportedly paid for transit. Since the outbreak of the Iran war, traffic through the strait has plummeted by 90%, causing global oil prices to surge and creating severe shortages for Asian countries that depend onPersian Gulfoil transported via the strait. Trump sets new deadline for Iran destruction after deploying 1,000 paratroopers 20 countries most dangerous t",2026-03-26 23:01:18,https://www.reddit.com/r/iranian/comments/1s4mvao/inside_irans_toll_booth_regime_keeping_the_strait/,2026-03-27 07:11:50
Reddit: r/iranian,Iran (Diaspora),en,Sky News Australia : Donald Trump halts strikes for 10 days as Iran talks gain major ground,Sky News Australia : Donald Trump halts strikes for 10 days as Iran talks gain major ground,Sky News Australia : Donald Trump halts strikes for 10 days as Iran talks gain major ground,2026-03-27 06:27:17,https://www.reddit.com/r/iranian/comments/1s4wejm/sky_news_australia_donald_trump_halts_strikes_for/,2026-03-27 07:11:51
Reddit: r/iranian,Iran (Diaspora),en,Fox News : Regime dealt another BLOW as Gulf Arab states turn against Iran,Fox News : Regime dealt another BLOW as Gulf Arab states turn against Iran,Fox News : Regime dealt another BLOW as Gulf Arab states turn against Iran,2026-03-27 05:24:56,https://www.reddit.com/r/iranian/comments/1s4vb0z/fox_news_regime_dealt_another_blow_as_gulf_arab/,2026-03-27 07:11:52
Reddit: r/iranian,Iran (Diaspora),en,Sky News : Is Iran war blurring the lines between church and state?,Sky News : Is Iran war blurring the lines between church and state?,Sky News : Is Iran war blurring the lines between church and state?,2026-03-27 05:22:54,https://www.reddit.com/r/iranian/comments/1s4v9nz/sky_news_is_iran_war_blurring_the_lines_between/,2026-03-27 07:11:53
Reddit: r/iranian,Iran (Diaspora),en,Iranian Embassy in South Africa's Tweet,Iranian Embassy in South Africa's Tweet,"Iranian Embassy in South Africa's Tweet ��؞8�~��͕�fZ�b�\�9F��F��.���~UM&�q���� #41S�u""�ʱ[��٭�/��M'�+G=T��IJ��=�����*l���v����M �B�f�n,Hnյ`���m(�v� �P�B�6h����""adj��C�� �7�ێ �H��{��J-j�ք�YA1g;%�� �6��͙D�zí|rUVy�Y)r��A,p,Ka� i�Xx�#���Z*v���+ץ��U�Zɫ1�y�DƟ�K�k� �Yu# ������|[>��D_�[�2�ֆ�G=C��O�{��󹺫;ڿV�4+�`��ĜLy)�ܵb}#�N""�Y�m�x�=[ % Z�Z��#��C��d��� �$k 5 $���@�f+o �K2� �Nv ��Y!i�WHv-w�9�6���e�F��*$S�&�4�Yd�+�b{ �Ț�cY�e���Mid,���� ���#""$� ���n(�8O <�8�-�� ��L�z��2�1�)ؓ=�V��A��c�8ʱIf �Jw%����d*Y�$֥�]��mӎ(%�V���7��:� �'�b���+k�E�$ ڸ��!}�U)c�ߒ���h�V�U���QVX��N�72:��X%���.ؖ�5�ւnPo�J�ܒj�5צlC/n����(�#M�eT^﷎#> ��m ��͒c6o���s�����־N+�%�I畁5�B�)��c��nٞYk\�xb���Nt�:���m��5�4�k\���T����KH���I��T��� Q�\1�%y�X�)�]Y1��K^2�<���d�� �n ��$��e���.��Fi��V���,�����31�/�WAK � �R �=�X�ߠ""/a��õg��3 �OY º*�y�4� ϙ��e�y'(�6x��@oGA�Ϫ�1e���R�m �X.T6�h�B  �� �\�� �l�4NN�Y��p�H��ߤ VEUu��U�N�!� ���; ;��0Z8��߼��XL@A�1�B�s��B��T � ��� l�t>A�ߪ���ǩu4 �7&�#� �%��u�v^*��U'2 �� ��Z!���Nh�� �",2026-03-26 06:50:50,https://www.reddit.com/r/iranian/comments/1s407da/iranian_embassy_in_south_africas_tweet/,2026-03-27 07:11:53
Reddit: r/iranian,Iran (Diaspora),en,Fox News Clips : Trump joins 'The Five' and comments on Iran killing star wrestler for speaking up,Fox News Clips : Trump joins 'The Five' and comments on Iran killing star wrestler for speaking up,Fox News Clips : Trump joins 'The Five' and comments on Iran killing star wrestler for speaking up,2026-03-27 04:21:26,https://www.reddit.com/r/iranian/comments/1s4u4ej/fox_news_clips_trump_joins_the_five_and_comments/,2026-03-27 07:11:55
Reddit: r/iranian,Iran (Diaspora),en,"Fox News : Iran could have 'KILLED MILLIONS' if US didn't act, Rubio warns","Fox News : Iran could have 'KILLED MILLIONS' if US didn't act, Rubio warns","Fox News : Iran could have 'KILLED MILLIONS' if US didn't act, Rubio warns MAGA propaganda 

These losers didn’t plan for what to do after they dropped lots of bombs.",2026-03-27 04:15:37,https://www.reddit.com/r/iranian/comments/1s4u0dm/fox_news_iran_could_have_killed_millions_if_us/,2026-03-27 07:11:55
Reddit: r/iranian,Iran (Diaspora),en,The Sun : Evidence of Russia helping Iran with drones revealed,The Sun : Evidence of Russia helping Iran with drones revealed,"The Sun : Evidence of Russia helping Iran with drones revealed In other news: there might be communists in Chinese government. | so what?

also: *The Sun?*",2026-03-26 18:10:21,https://www.reddit.com/r/iranian/comments/1s4f6ak/the_sun_evidence_of_russia_helping_iran_with/,2026-03-27 07:11:56
Reddit: r/Sino,China (Crowd),en,"China’s solar power plant in Dunhuang uses around 12,000 mirrors to focus sunlight onto a central tower, heating molten salt to extreme temperatures.
That heat is stored and used to generate electricity on demand, including after sunset.","China’s solar power plant in Dunhuang uses around 12,000 mirrors to focus sunlight onto a central tower, heating molten salt to extreme temperatures.
That heat is stored and used to generate electricity on demand, including after sunset.","China’s solar power plant in Dunhuang uses around 12,000 mirrors to focus sunlight onto a central tower, heating molten salt to extreme temperatures.
That heat is stored and used to generate electricity on demand, including after sunset. This is to archive the submission. *Reddit can shadowban if source link is deemed spam. For non-mainstream, use screenshot or archive.ph.* See [Sticky Thread](https://redd.it/1enxzpg) for more info an | There is a primitive version of this tech in Southern California along the road to Vegas. Because it’s America, it’s scheduled to be closed 😂 | Damn that's cool | Out of curiosity, what's the advantage of doing this over conventional batteries? | Looks so scifi!",2026-03-26 09:18:11,https://www.reddit.com/r/Sino/comments/1s42j32/chinas_solar_power_plant_in_dunhuang_uses_around/,2026-03-27 07:11:57
Reddit: r/Sino,China (Crowd),en,"N. Korea's Kim vows 'irreversible' nuclear status, warns Seoul of 'merciless' response","N. Korea's Kim vows 'irreversible' nuclear status, warns Seoul of 'merciless' response","N. Korea's Kim vows 'irreversible' nuclear status, warns Seoul of 'merciless' response >Kim also told the country's rubber-stamp legislature in a policy address on Monday that the United States was committing ""state terrorism"", in an apparent reference to its military attacks on Iran.

>""We will continue to firmly consolidate our status as a nuclear-armed state as an irreversible course, while aggressively stepping up our struggle against hostile forces,"" Kim told the Supreme People's Assembly.

>""We will, in line with the mission entrusted by the Constitution of the Republic... further expand and advance our self-defensive nuclear deterrent,"" Kim said, according to the official Korean Central News Agency.

>""We will designate South Korea as the most hostile state and deal with it by thoroughly rejecting and disregarding it,"" Kim said.

>Pyongyang will ""make it pay merciless This is to archive the submission. *Reddit can shadowban if source link is deemed spam. For non-mainstream, use screenshot or archive.ph.* See [Sticky Thread](https://redd.it/1enxzpg) for more info an | Note RFI is French state propaganda. The title for example leaves out that Kim vowed a merciless response **if attacked**, which dramatically changes the framing of the statement. | I would dare Americans or Europeans to mess with North Korea and see what type of FAFO they get | ""rubber stamp legislature"" lmao they just can't understand proletarian democracy | They have the best foreign policy precisely because they have no illusions about the world",2026-03-26 10:57:41,https://www.reddit.com/r/Sino/comments/1s44930/n_koreas_kim_vows_irreversible_nuclear_status/,2026-03-27 07:11:58
Reddit: r/Sino,China (Crowd),en,China's robotic wolf urban combat footage revealed for the first time!,China's robotic wolf urban combat footage revealed for the first time!,"China's robotic wolf urban combat footage revealed for the first time! This is to archive the submission. *Reddit can shadowban if source link is deemed spam. For non-mainstream, use screenshot or archive.ph.* See [Sticky Thread](https://redd.it/1enxzpg) for more info an",2026-03-26 17:01:38,https://www.reddit.com/r/Sino/comments/1s4d8ga/chinas_robotic_wolf_urban_combat_footage_revealed/,2026-03-27 07:11:59
Reddit: r/Sino,China (Crowd),en,"Words can't describe it... just me, the highway, and Xinjiang. This is my perfect life.","Words can't describe it... just me, the highway, and Xinjiang. This is my perfect life.","Words can't describe it... just me, the highway, and Xinjiang. This is my perfect life. This is to archive the submission. *Reddit can shadowban if source link is deemed spam. For non-mainstream, use screenshot or archive.ph.* See [Sticky Thread](https://redd.it/1enxzpg) for more info an | You mentioned Uighurs/Xinjiang! Read these resources to learn more about the topic.

> Blackskinlenincccp Retrieved 8-9-20 Notes On China-Uighur Controversies [Source 1](https://www.scribd.com/documen | Beautiful. I hope I can do this one day. | They put in curves to prevent me from racing 200 mph on it 😡🤬",2026-03-26 11:58:26,https://www.reddit.com/r/Sino/comments/1s45fox/words_cant_describe_it_just_me_the_highway_and/,2026-03-27 07:11:59
Reddit: r/Sino,China (Crowd),en,"Iran War Could Be Making of the Petroyuan, Deutsche Bank Says","Iran War Could Be Making of the Petroyuan, Deutsche Bank Says","Iran War Could Be Making of the Petroyuan, Deutsche Bank Says This is to archive the submission. *Reddit can shadowban if source link is deemed spam. For non-mainstream, use screenshot or archive.ph.* See [Sticky Thread](https://redd.it/1enxzpg) for more info an | >do nothing | Or just move to solar energy and make the petrodollar irrelevant. | Compilation of China Iran developments

> - President Putin...Iran has not requested the support of the Russian military. (strong sentiment China/Russia should 'save' Iran, but seems reality is they w",2026-03-26 10:57:32,https://www.reddit.com/r/Sino/comments/1s448zs/iran_war_could_be_making_of_the_petroyuan/,2026-03-27 07:11:59
Reddit: r/Sino,China (Crowd),en,"He Jiaolong, former director of Xinjiang's Agricultural Products Brand Building Center, dedicated herself to promoting local tourism and boosting farmers' income via live-streaming. She passed away in a work-related accident in 2026. Her devotion to people has left an enduring legacy, deeply cherish","He Jiaolong, former director of Xinjiang's Agricultural Products Brand Building Center, dedicated herself to promoting local tourism and boosting farmers' income via live-streaming. She passed away in a work-related accident in 2026. Her devotion to people has left an enduring legacy, deeply cherish","He Jiaolong, former director of Xinjiang's Agricultural Products Brand Building Center, dedicated herself to promoting local tourism and boosting farmers' income via live-streaming. She passed away in a work-related accident in 2026. Her devotion to people has left an enduring legacy, deeply cherish This is to archive the submission. *Reddit can shadowban if source link is deemed spam. For non-mainstream, use screenshot or archive.ph.* See [Sticky Thread](https://redd.it/1enxzpg) for more info an | You mentioned Uighurs/Xinjiang! Read these resources to learn more about the topic.

> Blackskinlenincccp Retrieved 8-9-20 Notes On China-Uighur Controversies [Source 1](https://www.scribd.com/documen",2026-03-26 12:17:52,https://www.reddit.com/r/Sino/comments/1s45uh2/he_jiaolong_former_director_of_xinjiangs/,2026-03-27 07:12:00
Reddit: r/Sino,China (Crowd),en,"Squashed skulls found in China belong to first known East Asians:  A new study finds that skulls found at China’s Yunxian site are 1.77 million years old, nearly 800,000 years older than once thought—making them the oldest human ancestor fossils yet discovered in eastern Asia","Squashed skulls found in China belong to first known East Asians:  A new study finds that skulls found at China’s Yunxian site are 1.77 million years old, nearly 800,000 years older than once thought—making them the oldest human ancestor fossils yet discovered in eastern Asia","Squashed skulls found in China belong to first known East Asians:  A new study finds that skulls found at China’s Yunxian site are 1.77 million years old, nearly 800,000 years older than once thought—making them the oldest human ancestor fossils yet discovered in eastern Asia >More than 3 decades ago, archaeologists found two crushed skulls buried in a riverbank in central China. Ever since, the shattered crania have sparked fierce debate among paleoanthropologists: not just over the fossils’ age, but also over the species of ancient human to which the skulls belonged.

>Now, a team of scientists has redated the skulls and found they are far older than once thought, having been buried for some 1.77 million years. The new dates, reported today in Science Advances, make the skulls the oldest hominin fossils of their kind ever found in eastern Asia. But far from settling the debate about the skulls’ identity, they are inflaming it.

>**Researchers had long assumed the skulls belonged to a distant human ancestor called Homo erectus, which ranged across Asia.** In a This is to archive the submission. *Reddit can shadowban if source link is deemed spam. For non-mainstream, use screenshot or archive.ph.* See [Sticky Thread](https://redd.it/1enxzpg) for more info an",2026-03-26 10:57:36,https://www.reddit.com/r/Sino/comments/1s44917/squashed_skulls_found_in_china_belong_to_first/,2026-03-27 07:12:00
Reddit: r/Sino,China (Crowd),en,"Born in the wild, raised on the plains. You couldn't even imagine the kind of joy a Kazakh kid has.","Born in the wild, raised on the plains. You couldn't even imagine the kind of joy a Kazakh kid has.","Born in the wild, raised on the plains. You couldn't even imagine the kind of joy a Kazakh kid has. This is to archive the submission. *Reddit can shadowban if source link is deemed spam. For non-mainstream, use screenshot or archive.ph.* See [Sticky Thread](https://redd.it/1enxzpg) for more info an",2026-03-26 11:51:20,https://www.reddit.com/r/Sino/comments/1s45agy/born_in_the_wild_raised_on_the_plains_you_couldnt/,2026-03-27 07:12:00
Reddit: r/Sino,China (Crowd),en,"Media Compilation: delusions that Iran War is some genius 'grand plan' against China is crumbling (ABC news, European Council on Foreign Relations, Financial Times, Bloomberg and Taipei Times as references)","Media Compilation: delusions that Iran War is some genius 'grand plan' against China is crumbling (ABC news, European Council on Foreign Relations, Financial Times, Bloomberg and Taipei Times as references)","Media Compilation: delusions that Iran War is some genius 'grand plan' against China is crumbling (ABC news, European Council on Foreign Relations, Financial Times, Bloomberg and Taipei Times as references) >US-Iran conflict hands China's Xi upper hand ahead of Trump meeting: Experts

>The Iran war is giving Beijing some significant long-term benefits, Jon Czin, a fellow at the Brookings Institution, told ABC News.

>U.S. military assets are being pulled away from the Indo-Pacific, Trump's attention is consumed elsewhere, and China gets to walk into a high-stakes summit just weeks from now as a relative bright spot in an otherwise chaotic foreign policy landscape according to Czin.

>Beijing is also filing away something potentially more consequential: a detailed look at how the U.S. military actually operates in a live war, Czin said. China is studying the conflict closely, drawing lessons directly applicable to Taiwan war-gaming, according to Czin.

[https://abcnews.com/Politics/us-iran-con Trump's meeting with Xi was postponed by six weeks due to the war. Chinese President Xi Jinping has been silent on the war between the U.S. and Israel against Iran, even after the White House postponed an anticipated trip by President Donald Trump to China. Instead, Xi has been watching from the sidelines, and experts tell ABC News that's exactly where Beijing wants to beahead of his anticipated meeting with Trump in May. The Iran war is giving Beijing some significant long-term benefits, Jon Czin, a fellow at the Brookings Institution, told ABC News. U.S. military assets are being pulled away from the Indo-Pacific, Trump's attention is consumed elsewhere, and China gets to walk into a high-stakes summit just weeks from now as a relative bright spot in an otherwise chaotic foreign policy landscape according to Czin. ""We're moving a lot of assets away from the Indo-Pacific theater, and most importantly for Beijing, they are not in the 'eye of Sauron' right now,"" Czin,former dire",2026-03-26 10:57:59,https://www.reddit.com/r/Sino/comments/1s449a8/media_compilation_delusions_that_iran_war_is_some/,2026-03-27 07:12:01
Reddit: r/Sino,China (Crowd),en,Is it hard for Uyghurs to get a U.S. visa?,Is it hard for Uyghurs to get a U.S. visa?,"Is it hard for Uyghurs to get a U.S. visa? Does marrying an American mean you can just move to the U.S.? Aishanjiang, a Uyghur guy from Xinjiang, and his American wife, Yanglizi, have been married for a while now. They have a steady income from their social media work in China, but the U.S. Embassy keeps denying his visa  
  
Specific Challenges for Xinjiang: The U.S. has implemented various visa restrictions related to the Xinjiang region. While these typically target government officials, the heightened political tension can lead to more rigorous or prolonged screening for individuals from that area. This is to archive the submission. *Reddit can shadowban if source link is deemed spam. For non-mainstream, use screenshot or archive.ph.* See [Sticky Thread](https://redd.it/1enxzpg) for more info an | Almost certainly they will scan for his membership in things like World Uyghur Congress. You need to be useful for a visa imo, it is not a given even if you are married to a US citizen | I don't know why would Uyghurs leave China for a failed state like US | Thanks for posting the video! 

What happen to the West's concerns about Uyghurs in China? How come USA doesn't want to ""help"" Uyghurs from evil China when given the opportunity? Is it because they're | The line for my local DMV here in the US is surprisingly longer, and they have a ‘bouncer’ At the door making sure you have a reservation lmao i purposefully go to a different county just to not deal ",2026-03-26 03:46:33,https://www.reddit.com/r/Sino/comments/1s3wvqb/is_it_hard_for_uyghurs_to_get_a_us_visa/,2026-03-27 07:12:01
Reddit: r/GlobalTalk,Global South (Mixed),en,[Egypt] The Anecdotes of Ex Confederate - Union Officers in Egypt,[Egypt] The Anecdotes of Ex Confederate - Union Officers in Egypt,"[Egypt] The Anecdotes of Ex Confederate - Union Officers in Egypt In the **1860s**, the American Civil War (**1861**–**1865**) had just ended, leaving thousands of experienced officers without a military career. For the defeated Confederates, there was no home army to return to. For the victorious Union officers, the post-war army was drastically reduced, offering few opportunities for promotion or meaningful command.

At the same time in Egypt, the ambitious Khedive **Ismael** **Pasha** **الخديوي** **إسماعيل** **باشا** was trying to transform Egypt into a modern state capable of competing with European powers (He once said: **I** **wanna** **make** **Cairo** **a** **piece** **of** **Europe**).

A key part of this vision was modernizing the old dead Egyptian army.

To overcome this problem, **Ismael** began looking beyond the traditional pool of Ottoman  **Sources**

**Charles P. Stone**

**Lamb, Blaine (2016).** *The Extraordinary Life of Charles Pomeroy Stone: Soldier, Surveyor, Pasha, Engineer.* Yardley, Pennsylvania: Westholme Publishing

**الرفاع | I also recommend you read my post on this subreddit titled ""The Anecdotes of Egypt and The American Civil War""

[https://www.reddit.com/r/HistoryNetwork/comments/1rpvngb/the\_anecdotes\_of\_egypt\_and",2026-03-15 01:10:56,https://www.reddit.com/r/GlobalTalk/comments/1ru0o7g/egypt_the_anecdotes_of_ex_confederate_union/,2026-03-27 07:12:02
Reddit: r/GlobalTalk,Global South (Mixed),en,"[Norway] Vibeke Skofterud, one of Norways biggest cross country athlete died yesterday after a water scooter accident at age 38","[Norway] Vibeke Skofterud, one of Norways biggest cross country athlete died yesterday after a water scooter accident at age 38","[Norway] Vibeke Skofterud, one of Norways biggest cross country athlete died yesterday after a water scooter accident at age 38 Wow, yesterday was the 29th of July, 2018? I must have had a crazy dream last night.",2026-03-15 15:24:02,https://www.reddit.com/r/GlobalTalk/comments/1rugu5s/norway_vibeke_skofterud_one_of_norways_biggest/,2026-03-27 07:12:02
Reddit: r/GlobalTalk,Global South (Mixed),en,Im pretty confused is the US really gonna fall anytime soon?[US],Im pretty confused is the US really gonna fall anytime soon?[US],"Im pretty confused is the US really gonna fall anytime soon?[US] Im watching everyone saying the USA will fall,many people cheering or just saying bricks will take over the world and unironically there is so much information that it's pretty confusing so i just wanna hear others opinions. People keep talking about how the us military is just a stage play or joke and can't compare to iran in the current conflict but then I'm also hearing about Ukrainian drones that could help. 

Also as an outsider from the west in my humble opinion everyone hates the US rn but then convinently ignores what other super powers are doing. Okay so what do i mean by this?I see skepticism and criticism with the US which i see absolutely no issue with even tho it's hyperbolic but then they pivot to say that for example china is a better place,peaceful or somehow more benevolen The “fall” of a country, if not done through war, isn’t some instantaneous event. It happens through a slow erosion of institutions that shaped the culture and moral value systems underlaid by that co | No, the US is not going to dissolve. That requires there to be some popular support of a separatist movement and we see no evidence of that. Worst case scenario, the US might turn into some form of au | Which ""news"" channels say this? | BRICS isn’t going to take over the world. BRICS won’t even supplant NATO even with a diminished US. That’s wishful thinking from people who are invested in the success of BRICS. | Most undemocratic president in a long time, ICE murderers yet to be prosecuted, starting wars, killing foreign leaders, economy in the tank, and information about Trump's pedophelia is sinking in to t",2026-03-15 12:15:22,https://www.reddit.com/r/GlobalTalk/comments/1rucjhx/im_pretty_confused_is_the_us_really_gonna_fall/,2026-03-27 07:12:03
Reddit: r/GlobalTalk,Global South (Mixed),en,[GLOBAL] Report: Africa Spends $2B on Chinese Surveillance Tech,[GLOBAL] Report: Africa Spends $2B on Chinese Surveillance Tech,"[GLOBAL] Report: Africa Spends $2B on Chinese Surveillance Tech African nations are surrendering digital sovereignty by importing Chinese surveillance infrastructure without local ownership or accountability. These systems embed foreign control over data, algorithms and technical standards while foreclosing domestic innovation and capacity-building. The technology arrives with no regulatory framework, enabling unchecked monitoring that threatens privacy, stifles dissent and reconstructs colonial dependency through digital means. Chinese AI technology empowers African nations through open-source models and affordable solutions tailored to local needs — enabling startups to build life-changing innovations, such as crop disease detection apps. This approach, which Beijing has incorporated into its overall foreign relations strategy, provides accessible technology that bridges the digital divide and supports indigenous development. China has chosen collaboration and capacity-building rather than extractive relationships. Both U.S. and Chinese tech firm",2026-03-13 07:34:54,https://www.reddit.com/r/GlobalTalk/comments/1rsgvmn/global_report_africa_spends_2b_on_chinese/,2026-03-27 07:12:04
Reddit: r/GlobalTalk,Global South (Mixed),en,[Egypt] The Anecdotes of Egypt and The American Civil War,[Egypt] The Anecdotes of Egypt and The American Civil War,"[Egypt] The Anecdotes of Egypt and The American Civil War The story connecting the American Civil War and Egypt begins in the early 19th century with the modernization efforts by the Ottoman Viceroy **Mehemet Ali Pasha** **محمد علي باشا** in Egypt after the end of the French military expedition in **Egypt** and **the** **Levant** (**1798** \- **1801**) led by **Napoleon Bonaparte**.

Before **1821**, Egyptian cotton was generally of poor quality. A French expert named **Jumel** noticed a long-staple cotton variety growing in the gardens of some Egyptian nobles, similar to the American **Sea Island cotton**. He suggested expanding its cultivation across Egypt.

**Mehemet Ali** imported seeds, encouraged farmers to plant the new variety, and bought the product at higher prices, creating the foundation for high-quality Egyptian cotton that could com I also recommend that you read my article on Medium named ""The Anecdotes of Anwar sadat with U.S Presidents"" from here :

[https://medium.com/@Ismael\_Hegazy/the-anecdotes-of-anwar-sadat-with-u-s-pres | **Sources**

**1- The Origins of Egyptian Cotton Cultivation (Mehemet Ali Pasha Era)**

Edward Mead Earle (1926). *""Egyptian Cotton and the American Civil War.""* Political Science Quarterly, Vol. 41, ",2026-03-09 22:10:05,https://www.reddit.com/r/GlobalTalk/comments/1rpehuq/egypt_the_anecdotes_of_egypt_and_the_american/,2026-03-27 07:12:04
Reddit: r/GlobalTalk,Global South (Mixed),en,[UK] UK: Poll Shows Most Women Unaware of Menopause Mental Health Link,[UK] UK: Poll Shows Most Women Unaware of Menopause Mental Health Link,"[UK] UK: Poll Shows Most Women Unaware of Menopause Mental Health Link The devastating mental health impact of menopause remains hidden due to ingrained stigma and lack of knowledge, leaving women without crucial support during an incredibly vulnerable time. Many women experience severe symptoms like brain fog, anxiety and depression that can destroy their lives and relationships, yet they're still fighting to be heard by doctors, employers and society. This unacceptable gap in understanding must be closed immediately to ensure proper care and support for all women going through this transition. Menopause does not universally cause mental health problems, and assuming it does actually harms women by delaying accurate diagnosis and treatment. Research shows clinical depression during menopause overwhelmingly occurs in those previously diagnosed with the condition, while other factors, like stressful life events, are the real culprits. Pathologizing normal life transitions creates negative expectations and misattributes psychological distress to hormones ra",2026-03-03 06:49:38,https://www.reddit.com/r/GlobalTalk/comments/1rjidg1/uk_uk_poll_shows_most_women_unaware_of_menopause/,2026-03-27 07:12:05
Reddit: r/GlobalTalk,Global South (Mixed),en,A sport is quietly dying in Sierra Leone and the only thing keeping it alive is the Chinese Embassy and a man in America [Sierra Leone],A sport is quietly dying in Sierra Leone and the only thing keeping it alive is the Chinese Embassy and a man in America [Sierra Leone],"A sport is quietly dying in Sierra Leone and the only thing keeping it alive is the Chinese Embassy and a man in America [Sierra Leone] Table tennis used to thrive in Sierra Leone. Now there are 80 players, no venue, no funding, no youth pipeline. The entire competitive season is two tournaments — one sponsored by China's embassy in Freetown, one funded by a Sierra Leonean in the US who runs a memorial tournament for his late brother every year.

The federation officials pay international dues from their own pockets. Players train in classrooms.

The article draws parallels to similar situations in Peru, Ethiopia, and Zambia. Seems like this is a pattern across developing countries, passionate people holding a sport together with nothing while systems ignore them.

[story](https://www.sandsmash.com/articles/sierra-leone-table-tennis)

  
",2026-03-01 08:52:12,https://www.reddit.com/r/GlobalTalk/comments/1rhsg6u/a_sport_is_quietly_dying_in_sierra_leone_and_the/,2026-03-27 07:12:05
Reddit: r/GlobalTalk,Global South (Mixed),en,Every War begins in a Mind [America-Iran],Every War begins in a Mind [America-Iran],"Every War begins in a Mind [America-Iran] Iran and America are at war.

And the first thing I noticed on my feed was how fast everyone had an opinion. Like the missiles hadn't even landed yet and people were already defending, attacking, justifying, picking sides. The speed of it. It got to me.

Nobody stopped.

And I don't know why that's the thing that's bothering me more than the war itself right now.

A few days ago someone I had done a lot for genuinely — just lost it. Abuses. Full humiliation attempt. And the reason was something that wasn't even my fault I had been instructed to do it that way. It didn't matter. He'd already decided.

And I reacted. I matched it. Not more but I matched it.

And later I was sitting with that and feeling like shit not just because of what he did but because of what I did. Because I know bette America is not at war with Iran. DJT is at war with Iran. An illegal war. Since Congress has not declared war, DJT has committed a war crime (again) in his unprovoked attacks. 

The only people that w | Iran and America are not at war.

Iranians are being murdered by a lawless, violent nation hell-bent on murdering whatever number of innocent children is required to make the Epstein list go away. | This was deep. I like your writing style | Whoever it is, what ever it is, Everything is an outcome of arrogance and a big fat ego. Silly to realise this, but it's true,",2026-02-28 18:26:04,https://www.reddit.com/r/GlobalTalk/comments/1rh9yt6/every_war_begins_in_a_mind_americairan/,2026-03-27 07:12:05
Reddit: r/GlobalTalk,Global South (Mixed),en,[OC] I built a live counter that shows the real-time cost of every active war on earth. It hasn't stopped moving since I launched it.,[OC] I built a live counter that shows the real-time cost of every active war on earth. It hasn't stopped moving since I launched it.,"[OC] I built a live counter that shows the real-time cost of every active war on earth. It hasn't stopped moving since I launched it. Well, that's depressing. | Money isn’t real",2026-02-28 22:18:35,https://www.reddit.com/r/GlobalTalk/comments/1rhfs20/oc_i_built_a_live_counter_that_shows_the_realtime/,2026-03-27 07:12:05
Reddit: r/GlobalTalk,Global South (Mixed),en,[Egypt] The Anecdotes of Anwar Sadat with U.S Presidents,[Egypt] The Anecdotes of Anwar Sadat with U.S Presidents,"[Egypt] The Anecdotes of Anwar Sadat with U.S Presidents It is historically known that President **أنور السادات Anwar Al-Sadat** of Egypt had met with seven U.S Presidents, **Johnson**, **Nixon**, **Ford**, **Carter**, **Reagan**, **H.W. Bush** (VP at the time) and **Joe Biden**.

Here I will narrate to you some Anecdotes that I have collected from various Egyptian and Arabian sources written in Arabic and have translated it to English for Cultural and Historical Enrichment, I hope you find this interesting and don’t forget to check sources down the article.

I wish you an enjoyable reading ..

**1-** Not only were **Sadat** and **Kennedy** similar in the fact that both were assassinated at the height of their glory and pomp, but there is also an interesting and facetious tale:

When Anwar Sadat was head of national parliament and visited the Un It took me hours to gather material and write this article , I hope you like it ..

[](https://www.reddit.com/submit/?source_id=t3_1rfq6y1) | **Sources**

**Johnson** :

Memoirs of Mohamed Abdel Salam Al-Zayyat -     Al-Sadat: The Mask and The Truth, 1989 - pp. 103-104

مذكرات محمد عبد السلام الزيات - السادات: القناع والحقيقة

**Nixon** :

 | [https://medium.com/@Ismael\_Hegazy/the-anecdotes-of-anwar-sadat-with-u-s-presidents-6ceac860d7d1](https://medium.com/@Ismael_Hegazy/the-anecdotes-of-anwar-sadat-with-u-s-presidents-6ceac860d7d1) | When US presidents were presidents",2026-02-26 22:38:12,https://www.reddit.com/r/GlobalTalk/comments/1rfov8r/egypt_the_anecdotes_of_anwar_sadat_with_us/,2026-03-27 07:12:06
Reddit: r/GlobalTalk,Global South (Mixed),en,What grassroots sports programs exist in your country that nobody talks about? [Ethiopia],What grassroots sports programs exist in your country that nobody talks about? [Ethiopia],"What grassroots sports programs exist in your country that nobody talks about? [Ethiopia] Just read about a table tennis program in Ethiopia that trains 30 kids for free, 6 days a week, started with one table and no roof. The founder is on the ITTF Africa Media Committee but runs this entirely on his own with one volunteer. What are some similar programs in your country that fly under the radar?

[story](https://www.sandsmash.com/articles/pingpong-children-ethiopia)",2026-02-21 12:13:25,https://www.reddit.com/r/GlobalTalk/comments/1rapnwm/what_grassroots_sports_programs_exist_in_your/,2026-03-27 07:12:06
Reddit: r/GlobalTalk,Global South (Mixed),en,[US] Bayer Proposes $7.25B Settlement in Roundup Cancer Lawsuits,[US] Bayer Proposes $7.25B Settlement in Roundup Cancer Lawsuits,"[US] Bayer Proposes $7.25B Settlement in Roundup Cancer Lawsuits Bayer's massive settlement proves Roundup poses serious cancer risks that the company deliberately concealed from consumers for decades. Juries have repeatedly sided with victims, awarding billions in damages because the evidence linking glyphosate to non-Hodgkin lymphoma is overwhelming. This $7.25 billion payout marks corporate accountability for poisoning Americans with a dangerous product. The EPA has thoroughly reviewed glyphosate and determined it's not carcinogenic to humans when used as directed, contradicting activist claims. Bayer is settling purely to end costly litigation uncertainty, not because Roundup is dangerous, and the company has won 13 of 24 jury verdicts. Federal regulators approve the product without cancer warnings because the science supports its safety. ©2026Improve the News Foundation. All rights reserved. Version 7.2.1",2026-02-19 01:29:28,https://www.reddit.com/r/GlobalTalk/comments/1r8lsi0/us_bayer_proposes_725b_settlement_in_roundup/,2026-03-27 07:12:06
